pdb_file,Mut,OrgScore,ReMinScore,Prob
1.pdb,V251A,-541.240287577,-541.329175936,0.994642899225
2.pdb,D175W,-535.722448663,-538.162720129,0.847344635584
3.pdb,P80G,-536.36562266,-536.365408557,0.912733226715
4.pdb,E263K,-536.273975659,-536.267145006,0.993125889962
5.pdb,R249M,-536.532554944,-536.535979119,1.0
6.pdb,R4A,-536.468262119,-536.465068102,0.995718937458
7.pdb,V198M,-533.222010048,-533.227259978,0.516695433886
8.pdb,G156M,-533.015000973,-533.021634764,0.870370981232
9.pdb,D73M,-531.717892971,-531.710361324,0.354618583019
10.pdb,T126W,-530.877443536,-530.880057112,0.275970504535
11.pdb,M156G,-531.202568298,-531.198652166,1.0
12.pdb,K173F,-530.974560013,-530.96224188,0.509340936463
13.pdb,I79V,-530.671357497,-530.656612988,0.516063760773
14.pdb,K199N,-530.772219218,-530.759082304,1.0
15.pdb,V245I,-530.687596744,-530.683913845,0.819707202748
16.pdb,Q147H,-530.611622617,-530.61321678,0.703063321314
17.pdb,S123D,-531.205665249,-531.194469299,1.0
18.pdb,N199L,-531.483154623,-531.469616298,1.0
19.pdb,K277H,-530.660764613,-530.652353565,0.242001464375
20.pdb,D154N,-531.037841454,-531.044355368,1.0
21.pdb,V94W,-529.907545634,-529.849574651,0.0657875783769
22.pdb,I293E,-530.276947572,-530.221836855,1.0
23.pdb,M73Q,-530.478397722,-530.418283531,1.0
24.pdb,K250Y,-530.337134006,-530.278294414,0.635182022117
25.pdb,E65D,-529.931271974,-529.888572872,0.278235595647
26.pdb,H56D,-530.407204941,-530.375339001,1.0
27.pdb,H147N,-531.287298626,-531.253077401,1.0
28.pdb,A99G,-530.328860874,-530.307999556,0.146339487606
29.pdb,N78D,-529.83761792,-529.814311721,0.224250990366
30.pdb,Q161E,-530.469043175,-530.435160891,1.0
31.pdb,G99T,-530.870050412,-530.8316806,1.0
32.pdb,I37R,-530.271143628,-530.240064002,0.26051590621
33.pdb,V145E,-530.894508102,-530.865727402,1.0
34.pdb,E145Q,-530.737401474,-530.709614968,0.735736932751
35.pdb,T99A,-531.342951815,-531.31897107,1.0
36.pdb,W126K,-532.550604318,-532.515148862,1.0
37.pdb,N200H,-532.113583334,-532.079203705,0.700555180941
38.pdb,Q73Y,-532.520515763,-532.483412226,1.0
39.pdb,G156N,-532.554797849,-532.522087024,1.0
40.pdb,K289M,-532.201997564,-532.162370693,0.759927787442
41.pdb,L155Q,-532.184383319,-532.143877229,0.983582249791
42.pdb,N108T,-531.724647121,-531.674833136,0.631064409462
43.pdb,Q168E,-531.879561647,-531.837747595,1.0
44.pdb,K167L,-531.570772726,-531.528407905,0.678646029849
45.pdb,D264S,-531.358838899,-531.314440574,0.744457941158
46.pdb,A207L,-531.692465479,-531.643508817,1.0
47.pdb,I129V,-530.99637572,-530.953788561,0.373751312013
48.pdb,H200Q,-531.580918357,-531.551034925,1.0
49.pdb,N228Q,-531.543097946,-531.51316165,0.925113678781
50.pdb,N253L,-531.705148439,-531.661929563,1.0
51.pdb,H191F,-531.482666756,-531.436186438,0.761149211349
52.pdb,P252S,-530.810228923,-530.767795414,0.308650129022
53.pdb,S290T,-531.700226019,-531.643263312,1.0
54.pdb,H277Y,-531.827699848,-531.7776758,1.0
55.pdb,T108R,-531.259821377,-531.213348156,0.480933197371
56.pdb,S163W,-531.399478783,-531.359062123,1.0
57.pdb,N27S,-530.647195944,-530.609088887,0.273435953833
58.pdb,R159M,-530.27606344,-530.234403937,0.411325214912
59.pdb,S252A,-530.458130721,-530.419496856,1.0
60.pdb,S276P,-531.158688697,-531.124810442,1.0
61.pdb,R108S,-531.541177076,-531.499749446,1.0
62.pdb,M38L,-531.740995193,-531.717040407,1.0
63.pdb,T34A,-531.321625357,-531.296517581,0.575737116707
64.pdb,N16Y,-531.431017375,-531.424574204,1.0
65.pdb,E227A,-531.173151434,-531.167790822,0.679399727325
66.pdb,G80Y,-531.102166289,-531.094164978,0.848786200307
67.pdb,K102M,-530.617976929,-530.610647716,0.399399529228
68.pdb,K61R,-531.098917464,-531.083964655,1.0
69.pdb,V157E,-530.924927424,-530.905721161,0.737581046575
70.pdb,S108V,-532.887422463,-532.888318868,1.0
71.pdb,R257G,-530.763939335,-530.756794813,0.089593019892
72.pdb,A17P,-532.974746102,-532.964230795,1.0
73.pdb,S264T,-533.489578137,-533.480478866,1.0
74.pdb,K263P,-532.756908362,-532.748004737,0.687535244095
75.pdb,T264N,-532.682855574,-532.675966375,0.949208930903
76.pdb,M289A,-532.844179496,-532.83671582,1.0
77.pdb,M136T,-532.14096654,-532.134305391,0.583271835429
78.pdb,K105Y,-531.596284275,-531.600493624,0.561698036936
79.pdb,D57N,-532.179736475,-532.198450305,1.0
80.pdb,A252Q,-532.405018206,-532.402964388,1.0
81.pdb,Q155T,-531.178902723,-531.161261,0.251927747838
82.pdb,M249K,-531.518447496,-531.532235082,1.0
83.pdb,D56T,-531.664302185,-531.678857544,1.0
84.pdb,M151L,-530.979449896,-530.980040398,0.337048422514
85.pdb,M25K,-530.556799862,-530.54556298,0.414507817038
86.pdb,S287G,-529.890401999,-529.890803094,0.156822439349
87.pdb,M159D,-531.132380757,-531.145539412,1.0
88.pdb,R37D,-531.174997433,-531.189334823,1.0
89.pdb,L234A,-529.733056902,-529.743351017,0.0286114336303
90.pdb,M102A,-529.869808503,-529.879810391,1.0
91.pdb,L167K,-530.370734001,-530.367003653,1.0
92.pdb,L253T,-530.886724197,-530.890672382,1.0
93.pdb,L151K,-532.053767811,-532.05593439,1.0
94.pdb,D37T,-532.240265877,-532.244877403,1.0
95.pdb,Q200N,-532.15130588,-532.159126746,0.922444571446
96.pdb,T56S,-531.940310826,-531.94621719,0.819603276953
97.pdb,Y250Q,-532.175058374,-532.164401109,1.0
98.pdb,N124D,-531.802377385,-531.791752274,0.68682928052
99.pdb,T282Q,-531.712097054,-531.704482557,0.892803205003
100.pdb,Y277S,-531.782023575,-531.777480127,1.0
101.pdb,F173Q,-532.372031656,-532.379449653,1.0
102.pdb,Q36K,-532.595477304,-532.603353698,1.0
103.pdb,D124G,-532.471711101,-532.467363272,0.911570029631
104.pdb,K25G,-531.987210875,-531.98519981,0.648752439985
105.pdb,Y176F,-531.629359294,-531.6381124,0.67502870238
106.pdb,A58K,-531.869101788,-531.88291586,1.0
107.pdb,G25L,-532.131428368,-532.145522023,1.0
108.pdb,A227N,-532.42073491,-532.421651079,1.0
109.pdb,G124K,-532.587809054,-532.587235761,1.0
110.pdb,H88K,-532.113112915,-532.111036921,0.685255458186
111.pdb,F191Y,-532.550055022,-532.563595235,1.0
112.pdb,W175Y,-532.716476357,-532.725054193,1.0
113.pdb,R77V,-531.413016224,-531.411711047,0.287658895539
114.pdb,P276S,-531.178558453,-531.158232366,0.701080067682
115.pdb,T37Q,-531.105157886,-531.104683623,0.859724076488
116.pdb,W163D,-531.355452952,-531.341215723,1.0
117.pdb,Y175M,-531.078635276,-531.06176308,0.650357136662
118.pdb,S27T,-531.35551951,-531.345909407,1.0
119.pdb,Q282E,-531.770609567,-531.740619274,1.0
120.pdb,A251V,-535.01671097,-535.002275545,1.0
121.pdb,L266F,-533.305273313,-533.285223203,0.624232632645
122.pdb,Q37S,-532.950454264,-532.933847192,0.835611245714
123.pdb,E293H,-532.147954633,-532.34596195,0.570213151125
124.pdb,E273V,-530.432246549,-530.410689162,0.0612409901149
125.pdb,L25D,-530.415265061,-530.394222651,0.805148844985
126.pdb,R74K,-531.126417136,-531.104334528,1.0
127.pdb,A99L,-530.719041954,-530.697687756,0.436346819788
128.pdb,E278H,-530.633023904,-530.612104501,0.777973084797
129.pdb,Q173Y,-530.498558149,-530.475128441,0.560814483885
130.pdb,Q252P,-530.406145446,-530.399633765,0.791465208607
131.pdb,F266K,-531.831951685,-531.841189968,1.0
132.pdb,P252T,-531.896893905,-531.895200761,0.931172141803
133.pdb,N227S,-532.044198263,-532.047475068,1.0
134.pdb,H278D,-531.176660108,-531.166110197,0.324855160595
135.pdb,T136L,-531.799404349,-531.779406389,1.0
136.pdb,N154M,-531.136306366,-531.12982285,0.404818413156
137.pdb,Q228D,-531.009890126,-531.009538237,0.749252485801
138.pdb,T155N,-530.994638217,-530.99018367,0.903947583478
139.pdb,S37I,-531.916267816,-531.917139755,1.0
140.pdb,D163G,-531.705374918,-531.686374362,0.72670784746
141.pdb,T53R,-531.506819676,-531.4796119,0.769176208833
142.pdb,Y73S,-531.568464085,-531.54820325,1.0
143.pdb,K167Q,-531.140026652,-531.129344513,0.525273945799
144.pdb,K29R,-530.250991892,-530.238701921,0.151901540385
145.pdb,Q167K,-530.85878512,-530.851265627,1.0
146.pdb,K119S,-530.496665874,-530.490413053,0.459014330088
147.pdb,D228K,-530.579208407,-530.561404494,1.0
148.pdb,D159W,-530.746577446,-530.731394568,1.0
149.pdb,Y16K,-530.763727603,-530.7432502,0.932115470888
150.pdb,K228F,-530.761469771,-530.747230677,0.792976853715
151.pdb,W159G,-530.111676929,-530.105020678,0.205489908776
152.pdb,N156V,-529.752121285,-529.748559147,0.294578628193
153.pdb,D25Q,-529.853922092,-529.848856422,1.0
154.pdb,Q25A,-530.334647521,-530.331816675,1.0
155.pdb,R298Q,-530.930369393,-530.903219264,1.0
156.pdb,H293L,-531.952285473,-531.927777407,1.0
157.pdb,L207T,-531.814034993,-531.793871353,0.856219752256
158.pdb,A25M,-531.815626557,-531.79113646,0.99484016702
159.pdb,L136E,-531.052860338,-531.031012038,0.35634875506
160.pdb,A172S,-531.344540626,-531.312443425,1.0
161.pdb,Q298V,-531.92189068,-531.892918664,1.0
162.pdb,T290V,-531.743845055,-531.712735476,0.826685910105
163.pdb,Y173I,-530.988844456,-530.959628853,0.343203418854
164.pdb,Q145L,-530.87065685,-530.846810709,0.783986616043
165.pdb,M154N,-531.462743135,-531.436425623,1.0
166.pdb,K249W,-529.891023289,-529.854621944,0.031741912116
167.pdb,Y208F,-529.911310462,-529.878291981,1.0
168.pdb,N155I,-529.89953977,-529.863125423,0.940981884518
169.pdb,S276A,-529.626143393,-529.582997372,0.348012999293
170.pdb,I37V,-529.661165754,-529.61427617,1.0
171.pdb,N200L,-529.968702225,-529.912955939,1.0
172.pdb,T252P,-529.768818145,-529.736966135,0.507887707931
173.pdb,A102Q,-530.373721196,-530.346849119,1.0
174.pdb,V156Q,-530.649718112,-530.619493454,1.0
175.pdb,E157R,-531.098670188,-531.071262951,1.0
176.pdb,T160R,-530.254437261,-530.231742857,0.159729471759
177.pdb,S280W,-529.910863284,-529.887612963,0.337784667072
178.pdb,R29E,-532.132963049,-532.104369644,1.0
179.pdb,L200Y,-532.106326669,-532.091866009,0.951897615695
180.pdb,H247K,-530.739178626,-530.726653659,0.149446406875
181.pdb,T27N,-530.913499983,-530.911051696,1.0
182.pdb,L199K,-531.134041342,-531.107737134,1.0
183.pdb,K167A,-530.914343186,-530.884611094,0.681666252383
184.pdb,Y255F,-530.456321449,-530.42566065,0.350331784179
185.pdb,G163T,-531.101813684,-531.079569081,1.0
186.pdb,K124R,-530.564740568,-530.559019136,0.291520455707
187.pdb,A289N,-531.449513663,-531.442237775,1.0
188.pdb,W280E,-531.600138576,-531.593659212,1.0
189.pdb,I173Q,-532.669993678,-532.649970796,1.0
190.pdb,W249V,-533.596479508,-533.564399708,1.0
191.pdb,I245K,-533.231264477,-533.203269558,0.859005540075
192.pdb,N147Q,-532.597365593,-532.587678377,0.68995337966
193.pdb,Y191N,-532.337637947,-532.324205212,0.826235887773
194.pdb,K247M,-532.266610703,-532.278213718,0.852929598352
195.pdb,I155S,-532.107075934,-532.119124836,0.864016260075
196.pdb,G257V,-532.500129487,-532.509491477,1.0
197.pdb,E280H,-531.876621856,-531.950029955,0.583446913654
198.pdb,M175D,-533.129963362,-533.180207196,1.0
199.pdb,Q64R,-533.350628219,-533.357742212,1.0
200.pdb,S1Y,-530.922290568,-530.926817399,0.0966943292252
201.pdb,V249Q,-531.569230732,-531.546347554,1.0
202.pdb,V14N,-529.538826921,-529.524735771,0.00750309071745
203.pdb,Y1N,-529.451123245,-529.420894727,0.634590581586
204.pdb,H280Q,-530.176747299,-530.164665742,1.0
205.pdb,S155N,-530.428533497,-530.402036894,1.0
206.pdb,L99D,-530.204697387,-530.179869415,0.414421411211
207.pdb,V290R,-530.039909442,-529.989334366,0.532700823873
208.pdb,N87S,-530.702563692,-530.681095511,1.0
209.pdb,E24V,-530.746795687,-530.730725836,0.98402686347
210.pdb,S119R,-530.655066558,-530.627793647,0.799498738243
211.pdb,R122H,-530.257247623,-530.232872821,0.38317399414
212.pdb,V257Y,-532.336413362,-532.392587441,1.0
213.pdb,A167H,-530.837598721,-530.812193662,0.142682746485
214.pdb,Q173D,-530.457470931,-530.429455743,0.438850234704
215.pdb,V273R,-530.809289896,-530.782077119,1.0
216.pdb,G159S,-530.967886087,-530.948610039,1.0
217.pdb,N59F,-530.037636409,-530.017843548,0.0988618164874
218.pdb,N155E,-530.475162484,-530.445879623,1.0
219.pdb,K245R,-531.040252266,-530.993307204,1.0
220.pdb,K16W,-530.23287632,-530.190712213,0.12352933056
221.pdb,Q248I,-529.903095907,-529.866353545,0.352826025236
222.pdb,N14S,-530.674164055,-530.635271125,1.0
223.pdb,Q156N,-530.896512381,-530.85495287,1.0
224.pdb,I248K,-531.851811104,-531.819295006,1.0
225.pdb,P263H,-531.734420144,-531.703041619,0.863985060569
226.pdb,R290I,-531.514508596,-531.492548339,0.723538816822
227.pdb,R53A,-531.067095766,-531.039235361,0.515850693776
228.pdb,E155L,-530.769015289,-530.746645825,0.578456322219
229.pdb,Q250M,-530.421250287,-530.395968434,0.452810582884
230.pdb,R117E,-530.205688383,-530.183394485,0.553210590436
231.pdb,V77A,-530.762657307,-530.737149573,1.0
232.pdb,P297D,-529.641544725,-529.618745208,0.042301191769
233.pdb,L293Y,-529.744447426,-529.709027114,1.0
234.pdb,H167N,-531.146536883,-531.107168946,1.0
235.pdb,W16F,-531.910916365,-531.868477222,1.0
236.pdb,R157D,-532.284530338,-532.245481782,1.0
237.pdb,Y293E,-532.607757289,-532.567251531,1.0
238.pdb,S146Q,-531.389002613,-531.343121602,0.303450216913
239.pdb,D78W,-530.821962498,-530.777909039,0.395628459006
240.pdb,R119W,-531.57061437,-531.519592323,1.0
241.pdb,K151T,-530.677445263,-530.629247159,0.231403333201
242.pdb,E30A,-530.478661599,-530.437270547,0.624717880185
243.pdb,F16Q,-531.018724261,-530.98093365,1.0
244.pdb,K36L,-530.910087921,-530.88890772,0.80234398743
245.pdb,A234T,-531.394067428,-531.36572663,1.0
246.pdb,H263A,-531.929373302,-531.905205705,1.0
247.pdb,A276R,-531.305414515,-531.289031007,0.462917511207
248.pdb,E150N,-529.534899986,-529.520286821,0.0105735910946
249.pdb,L145Q,-529.67174603,-529.647949315,1.0
250.pdb,N1K,-531.450691004,-531.424240118,1.0
251.pdb,Y257W,-531.245901512,-531.204358321,0.747505240238
252.pdb,M25A,-531.124203631,-531.09105309,0.82279648713
253.pdb,N167A,-531.252342028,-531.211469782,1.0
254.pdb,S101A,-530.658987735,-530.626413286,0.342616426516
255.pdb,S141A,-531.007947735,-530.989880965,1.0
256.pdb,D173N,-531.619728108,-531.602185158,1.0
257.pdb,D278M,-531.895828432,-531.874830833,1.0
258.pdb,M247A,-532.072522289,-532.053757994,1.0
259.pdb,L36T,-531.118846834,-531.110219692,0.303905521345
260.pdb,A22D,-531.505096667,-531.498965421,1.0
261.pdb,S159T,-531.674839234,-531.661103592,1.0
262.pdb,A247M,-531.513024563,-531.495038056,0.816364129057
263.pdb,F59D,-531.555031052,-531.531945642,1.0
264.pdb,Y113F,-531.567372468,-531.545502975,1.0
265.pdb,A30T,-531.000886099,-530.978237213,0.428341693837
266.pdb,A53Q,-531.471463943,-531.446276882,1.0
267.pdb,E293A,-530.952100874,-530.927977305,0.432646868065
268.pdb,N156K,-530.964705355,-530.93938289,1.0
269.pdb,S295F,-531.736424495,-531.713046119,1.0
270.pdb,E136K,-532.392472362,-532.359101889,1.0
271.pdb,T163S,-532.116703259,-532.089992196,0.793914858259
272.pdb,S14Q,-533.199710235,-533.164522601,1.0
273.pdb,R195F,-532.706716369,-532.674795037,0.756489806171
274.pdb,Y200M,-531.966391439,-531.934661216,0.55524376802
275.pdb,Q146N,-531.915306077,-531.889476294,0.942924514627
276.pdb,T30E,-532.683161627,-532.65703092,1.0
277.pdb,E174A,-532.299987074,-532.27129874,0.759292782531
278.pdb,K74A,-532.37296366,-532.349072573,1.0
279.pdb,N173R,-531.539197341,-531.499711132,0.430013055761
280.pdb,T234G,-530.15536344,-530.117034554,0.0656289190586
281.pdb,W94F,-530.674303505,-530.633334641,1.0
282.pdb,R124S,-531.308327572,-531.269689242,1.0
283.pdb,M200G,-530.482803925,-530.446954897,0.205553847985
284.pdb,V37I,-530.443688338,-530.41119945,0.874131175158
285.pdb,R273E,-530.686305238,-530.646524646,1.0
286.pdb,N146K,-530.635580153,-530.606589207,0.85239777573
287.pdb,H122G,-532.735566468,-532.708910309,1.0
288.pdb,F228E,-532.679081794,-532.644934992,0.956315099044
289.pdb,K146M,-532.419991496,-532.392413065,0.832489400338
290.pdb,V79T,-531.25818581,-531.228804447,0.284125920751
291.pdb,A74D,-531.528927548,-531.493410004,1.0
292.pdb,D10N,-532.596236613,-532.549717772,1.0
293.pdb,T159M,-532.738871996,-532.69361553,1.0
294.pdb,M250K,-533.173559465,-533.127940903,1.0
295.pdb,Q280H,-533.593485374,-533.625596686,1.0
296.pdb,V135I,-531.991057275,-531.94801948,0.355893341707
297.pdb,M159S,-531.693914852,-531.6509643,0.723989342945
298.pdb,W186Y,-532.445434882,-532.404930553,1.0
299.pdb,F195Q,-532.067125256,-532.047714757,0.713400054248
300.pdb,A167L,-531.95825548,-531.948882138,0.894518005609
301.pdb,R61H,-531.228125681,-531.213922216,0.397996485711
302.pdb,D74W,-531.006625318,-530.987490249,0.664545313331
303.pdb,E228N,-531.41485521,-531.392686758,1.0
304.pdb,S159E,-531.966577745,-531.949926543,1.0
305.pdb,G200Q,-533.593431881,-533.550069305,1.0
306.pdb,I31T,-531.152086845,-531.114672119,0.128164327338
307.pdb,I135A,-531.427224319,-531.378951093,1.0
308.pdb,D69E,-530.323704878,-530.271229659,0.123005299594
309.pdb,T36Q,-531.388748918,-531.341288173,1.0
310.pdb,K250A,-531.05676135,-531.019365704,0.592745151546
311.pdb,K1Q,-530.990592854,-530.946172261,0.846559786254
312.pdb,M146Q,-531.384059508,-531.342244208,1.0
313.pdb,K126V,-531.085037148,-531.05062376,0.621387946708
314.pdb,M247W,-531.363951044,-531.317529725,1.0
315.pdb,E282V,-532.607114699,-532.579655918,1.0
316.pdb,Q147L,-532.306406113,-532.278481,0.791141233974
317.pdb,R276Y,-531.387745229,-531.344297513,0.365942607681
318.pdb,S277E,-531.742460919,-531.695678853,1.0
319.pdb,W257G,-532.388087507,-532.344914699,1.0
320.pdb,R245M,-532.016518713,-531.980217245,0.70744412998
321.pdb,L147W,-531.674209496,-531.63634217,0.674899715684
322.pdb,W78D,-532.20637242,-532.184157503,1.0
323.pdb,R64M,-531.375941306,-531.344429689,0.389418148833
324.pdb,V24E,-530.889145812,-530.854496698,0.438936992072
325.pdb,Q145V,-530.474022768,-530.438713254,0.408989556131
326.pdb,N228T,-530.73100812,-530.704589917,1.0
327.pdb,Y80S,-530.681601861,-530.669356577,0.764833390784
328.pdb,Q200N,-530.590094349,-530.575946095,0.80515742196
329.pdb,K199E,-531.282371873,-531.294300236,1.0
330.pdb,E199L,-530.986945779,-530.966310856,0.589293242863
331.pdb,R173D,-531.470540073,-531.456246072,1.0
332.pdb,M245N,-532.304764447,-532.285634761,1.0
333.pdb,V126F,-531.359330011,-531.344337305,0.334630751076
334.pdb,S56E,-531.299708184,-531.282869355,0.909474256918
335.pdb,S73H,-530.561534335,-530.550402964,0.24986436201
336.pdb,T253P,-531.306056267,-531.305843668,1.0
337.pdb,W119F,-533.159413084,-533.285764999,1.0
338.pdb,N200S,-532.572937857,-532.546215165,0.664561415696
339.pdb,H20F,-532.022976606,-532.000594253,0.639216895679
340.pdb,Q249A,-531.893902338,-531.873484269,0.875957446267
341.pdb,Q146D,-532.12326992,-532.100274863,1.0
342.pdb,H219A,-530.823486039,-530.791926755,0.174254993706
343.pdb,D297L,-530.312888347,-530.280717784,0.305137510213
344.pdb,S163L,-530.950749684,-530.919139764,1.0
345.pdb,S235A,-531.675531482,-531.648319414,1.0
346.pdb,H61N,-531.265617741,-531.241258685,0.579980336105
347.pdb,K156A,-531.387161213,-531.35825575,1.0
348.pdb,A77S,-531.570317331,-531.553109231,1.0
349.pdb,H259A,-531.022573615,-531.009952172,0.444833086161
350.pdb,H73R,-530.485895675,-530.475894255,0.339320146497
351.pdb,A293T,-530.812240124,-530.795823019,1.0
352.pdb,F94A,-531.706256858,-531.688113941,1.0
353.pdb,W74N,-531.222829694,-531.202287695,0.527761398939
354.pdb,L155N,-531.09128292,-531.068324239,0.803566420124
355.pdb,S80Y,-531.078954053,-531.059700308,0.971029461003
356.pdb,N61G,-531.019410314,-531.002205863,0.879641369812
357.pdb,L163D,-530.380660221,-530.363749528,0.257927511611
358.pdb,E159D,-530.294596963,-530.285790788,0.75099144493
359.pdb,W147H,-531.008911942,-530.990327177,1.0
360.pdb,F119W,-530.159404987,-530.132798274,0.145313105112
361.pdb,A25V,-530.276046165,-530.247292264,1.0
362.pdb,M64Y,-530.438187156,-530.407321879,1.0
363.pdb,N150I,-530.685335467,-530.650928752,1.0
364.pdb,E168Q,-530.474611753,-530.4500196,0.541630900882
365.pdb,E277F,-530.562347922,-530.542490281,1.0
366.pdb,F277E,-530.487177525,-530.468022539,0.837869036361
367.pdb,E69D,-530.689277686,-530.666220864,1.0
368.pdb,V298S,-530.819658838,-530.799403869,1.0
369.pdb,W119R,-531.104235333,-531.072796879,1.0
370.pdb,R119Y,-532.450361158,-532.582132273,1.0
371.pdb,Y64K,-533.677064972,-533.64705298,1.0
372.pdb,L297R,-533.310634453,-533.277684497,0.865212523478
373.pdb,R73G,-533.719409629,-533.686855625,1.0
374.pdb,Q102G,-533.130799729,-533.104990722,0.781220113376
375.pdb,I43V,-532.166146083,-532.139845754,0.529362898297
376.pdb,P15D,-531.55148944,-531.530037019,0.523537244804
377.pdb,D159K,-532.41247597,-532.392089767,1.0
378.pdb,D78K,-532.142352589,-532.132749362,0.791550364776
379.pdb,Y105Q,-532.118298083,-532.104163687,0.97391943925
380.pdb,D123G,-531.515223908,-531.499476358,0.515366045694
381.pdb,S262E,-530.620473464,-530.599971704,0.219677886481
382.pdb,K64R,-530.668154656,-530.649626766,1.0
383.pdb,D173A,-529.804062012,-529.788370747,0.0907208621446
384.pdb,D59E,-529.74329147,-529.719337713,0.69884667063
385.pdb,V145M,-529.857290399,-529.830004023,1.0
386.pdb,Q16N,-529.404601017,-529.381106201,0.17117576369
387.pdb,N74S,-529.729444946,-529.702207615,1.0
388.pdb,Q36E,-529.586142812,-529.55406485,0.561006446726
389.pdb,G287M,-529.481385008,-529.45348395,0.6332822494
390.pdb,Q168E,-529.674913881,-529.645604858,1.0
391.pdb,Q14T,-530.026899156,-530.001096638,1.0
392.pdb,A249H,-530.274671331,-530.245641055,1.0
393.pdb,S124M,-530.15643387,-530.131915195,0.575933857572
394.pdb,K159Q,-529.977868883,-529.93166211,0.515706303094
395.pdb,D146E,-529.648993978,-529.613585299,0.301688048005
396.pdb,L199N,-529.512910277,-529.479253971,0.569479400105
397.pdb,M287E,-529.780895198,-529.746068834,1.0
398.pdb,G234T,-531.179544326,-531.14753431,1.0
399.pdb,E277F,-531.368836002,-531.316241049,1.0
400.pdb,Y283F,-531.762291903,-531.708310535,1.0
401.pdb,V129I,-531.86702158,-532.334014119,1.0
402.pdb,S172T,-532.513468906,-532.471795549,1.0
403.pdb,A263G,-531.992278704,-531.951578735,0.649175082731
404.pdb,K78Q,-531.92914751,-531.888915673,0.92151563808
405.pdb,E117V,-532.214568238,-532.180929147,1.0
406.pdb,V25T,-531.375289358,-531.342450132,0.398553809587
407.pdb,I150L,-531.306329488,-531.274536503,0.872019424497
408.pdb,A26M,-531.410552047,-531.386489254,1.0
409.pdb,G102D,-531.863206912,-531.840481436,1.0
410.pdb,T25L,-531.986987939,-531.964595054,1.0
411.pdb,I37E,-531.615373617,-531.611180028,0.64197729666
412.pdb,H280Q,-531.43989115,-531.419431338,0.750922628394
413.pdb,I290K,-530.737344923,-530.721182586,0.303390393666
414.pdb,E262S,-531.635813479,-531.61355792,1.0
415.pdb,P18K,-531.00799422,-530.993701211,0.395745328734
416.pdb,G257Y,-532.967389978,-532.961190438,1.0
417.pdb,T79I,-533.948629086,-533.91151675,1.0
418.pdb,S95L,-532.328025806,-532.30103178,0.441346881177
419.pdb,A173R,-532.73820404,-532.710814079,1.0
420.pdb,S298V,-532.498876724,-532.469710183,0.852860693821
421.pdb,M278F,-533.130637429,-533.094677293,1.0
422.pdb,L25R,-533.757319237,-533.726187314,1.0
423.pdb,E56L,-533.22884447,-533.192259249,0.80730271232
424.pdb,S200E,-533.486715853,-533.451917881,1.0
425.pdb,Q78K,-533.568155912,-533.53152632,1.0
426.pdb,L95G,-533.82572154,-533.800506553,1.0
427.pdb,K290A,-533.619619961,-533.595528553,0.93043782433
428.pdb,V282R,-531.752111638,-531.72714775,0.286781956168
429.pdb,G73K,-532.044209871,-532.014218882,1.0
430.pdb,E200S,-531.772256936,-531.749101584,0.737962757096
431.pdb,E287K,-531.506018809,-531.486477154,0.723466867905
432.pdb,A259V,-531.422421433,-531.400849522,0.893864999456
433.pdb,V298R,-533.270468555,-533.246548842,1.0
434.pdb,N289G,-531.135047193,-531.108740405,0.144534901774
435.pdb,G289W,-531.416215784,-531.389254436,1.0
436.pdb,L56K,-531.93683203,-531.903753207,1.0
437.pdb,T293A,-531.526441144,-531.490789466,0.619971138537
438.pdb,G263D,-530.852652606,-530.814797638,0.340916083806
439.pdb,W247Y,-532.296399548,-532.257601348,1.0
440.pdb,T172S,-532.055685978,-532.014732855,0.811692976032
441.pdb,E24V,-532.494190687,-532.454074142,1.0
442.pdb,I79L,-531.818847661,-531.782484549,0.538942592736
443.pdb,A290E,-532.606718134,-532.570496903,1.0
444.pdb,N16L,-533.108494783,-533.069484362,1.0
445.pdb,E190N,-530.840674087,-530.812372837,0.0932432889551
446.pdb,Q53T,-530.839354404,-530.801131448,0.987261782614
447.pdb,L38K,-529.921921871,-529.892699787,0.0959976938027
448.pdb,D263M,-529.879684812,-529.850884101,0.844766629847
449.pdb,N155T,-530.332141991,-530.307252897,1.0
450.pdb,E146M,-530.454683402,-530.421670078,1.0
451.pdb,Y276A,-531.149961488,-531.116224747,1.0
452.pdb,M124G,-531.15063883,-531.121210068,0.995698510585
453.pdb,R297A,-531.809946821,-531.772832537,1.0
454.pdb,T53H,-532.068419585,-532.029134771,1.0
455.pdb,N190L,-531.361251162,-531.319920737,0.440179756651
456.pdb,G124D,-531.624955744,-531.581809923,1.0
457.pdb,Q105L,-531.422269977,-531.383707948,0.767004010133
458.pdb,W289K,-532.21785523,-532.167364094,1.0
459.pdb,S200F,-532.575453504,-532.529366727,1.0
460.pdb,D41E,-530.837996504,-530.786562795,0.126257140963
461.pdb,G275S,-531.173277461,-531.127049624,1.0
462.pdb,T151A,-531.564117713,-531.509294608,1.0
463.pdb,A293N,-531.770242576,-531.727921137,1.0
464.pdb,H249L,-531.735562288,-531.706579536,0.941928730461
465.pdb,G95H,-531.063057855,-531.039438605,0.394125443066
466.pdb,Q1A,-530.752096544,-530.731219079,0.545387306764
467.pdb,L105K,-531.043683537,-531.020799863,1.0
468.pdb,E41D,-532.601488899,-532.583696319,1.0
469.pdb,K18N,-532.698339121,-532.675167698,1.0
470.pdb,T2A,-531.296757078,-531.276363387,0.24922306822
471.pdb,A1L,-531.499847976,-531.478284727,1.0
472.pdb,Y186F,-531.72292352,-531.704309472,1.0
473.pdb,K73W,-531.60918083,-531.595291696,0.870003181997
474.pdb,G123H,-531.014978842,-531.005435793,0.418761867896
475.pdb,H53N,-531.021936162,-531.006874477,0.968180974011
476.pdb,M145L,-531.308205363,-531.295600579,1.0
477.pdb,R282M,-532.124298414,-532.110064687,1.0
478.pdb,E273K,-532.360963871,-532.339774604,1.0
479.pdb,L296I,-532.934255251,-532.922390203,1.0
480.pdb,L1H,-531.16318057,-531.153690432,0.178911695121
481.pdb,A2T,-531.079298637,-531.069464474,0.86641843763
482.pdb,F52Y,-531.06458265,-531.054028159,0.965417948113
483.pdb,I125V,-531.163052049,-531.154054417,1.0
484.pdb,L214H,-530.555735141,-530.536385792,0.309120938026
485.pdb,H95S,-532.568411717,-532.545369129,1.0
486.pdb,T155A,-532.502851691,-532.474424719,0.952978988122
487.pdb,K38E,-532.520230971,-532.483908162,1.0
488.pdb,M241A,-531.551794825,-531.516616188,0.393044939397
489.pdb,T207A,-531.189559491,-531.162026882,0.582127343407
490.pdb,D102G,-530.761248742,-530.729118429,0.468033773572
491.pdb,K136T,-529.978405738,-529.955624021,0.13218668259
492.pdb,F277G,-529.81446878,-529.794956661,0.571346909309
493.pdb,Y257F,-530.483317868,-530.575940057,1.0
494.pdb,G61S,-530.991550008,-530.957641679,1.0
495.pdb,K105M,-530.81575956,-530.787308333,0.719771892322
496.pdb,N199R,-530.969084509,-530.935795907,1.0
497.pdb,R173T,-531.69074375,-531.663000112,1.0
498.pdb,M263R,-532.08715234,-532.057593719,1.0
499.pdb,L249W,-532.850412527,-532.821500138,1.0
500.pdb,K289Q,-533.144119025,-533.127229846,1.0
501.pdb,F240K,-532.051822669,-532.025422847,0.474520457744
502.pdb,D69E,-531.228752217,-531.209484702,0.370518095491
503.pdb,N27M,-531.295441869,-531.289476129,1.0
504.pdb,H214Y,-531.999904536,-531.971923565,1.0
505.pdb,A276W,-531.122360934,-531.095483222,0.324434929482
506.pdb,V125I,-531.070559282,-531.046992543,0.861308492995
507.pdb,L190Y,-531.330178503,-531.29777011,1.0
508.pdb,A155P,-532.144740592,-532.124947087,1.0
509.pdb,E69N,-531.492446457,-531.834632539,0.478414506271
510.pdb,G277V,-532.597671564,-532.896277293,1.0
511.pdb,A207T,-533.240537095,-533.245454156,1.0
512.pdb,Y214L,-532.865829732,-532.865857283,0.823726415427
513.pdb,V24E,-532.238197356,-532.239147307,0.643310809115
514.pdb,H123M,-531.998761192,-532.00132847,0.792482816493
515.pdb,M146D,-532.477406535,-532.48522788,1.0
516.pdb,T31S,-531.611956534,-531.617474217,0.442594274092
517.pdb,Q195M,-531.426840493,-531.424031366,0.762956070379
518.pdb,F295N,-530.253056833,-530.242334887,0.0989017213304
519.pdb,E38K,-530.224512459,-530.211698756,0.881474912621
520.pdb,M195G,-530.297834802,-530.286540425,1.0
521.pdb,N53H,-530.261670312,-530.25772172,0.851810585179
522.pdb,P155T,-529.537337655,-529.533906816,0.0858439783264
523.pdb,S31M,-529.15762092,-529.131352864,0.153280334572
524.pdb,D124N,-529.52192563,-529.498167799,1.0
525.pdb,A151M,-529.610739769,-529.595208347,1.0
526.pdb,L167M,-529.41081944,-529.392337669,0.426383177616
527.pdb,Q159K,-529.383828024,-529.375768851,0.678977876682
528.pdb,M151R,-529.307299337,-529.289913721,0.613991620156
529.pdb,L145D,-529.952077242,-529.931030346,1.0
530.pdb,S172D,-530.655780763,-530.63956266,1.0
531.pdb,V277L,-531.273831073,-531.214734152,1.0
532.pdb,R160A,-531.302324551,-531.244555321,1.0
533.pdb,E59R,-530.907165265,-530.849168451,0.508305037909
534.pdb,Q280E,-531.921444753,-531.878490921,1.0
535.pdb,A297S,-531.978018489,-531.931746456,1.0
536.pdb,F208Y,-531.917126619,-531.867317431,0.927095920215
537.pdb,F113Y,-531.831961697,-531.790979097,0.889415452144
538.pdb,N69S,-531.725277395,-531.684177554,0.868967398942
539.pdb,F257K,-533.798119941,-533.757079895,1.0
540.pdb,T207K,-533.251235778,-533.217510618,0.806029457593
541.pdb,L169M,-531.381148316,-531.347284464,0.210471679271
542.pdb,R263K,-532.270969471,-532.240296526,1.0
543.pdb,T155Q,-532.061521758,-532.040298422,0.825547877017
544.pdb,S297K,-531.792890643,-531.769297545,0.755862825914
545.pdb,R64I,-532.09632227,-532.070704789,1.0
546.pdb,D157E,-531.816540728,-531.78983516,0.756462692813
547.pdb,R59E,-532.231650384,-532.205581178,1.0
548.pdb,G195H,-532.047879962,-532.036374991,0.818683030462
549.pdb,S74E,-531.773064697,-531.740446592,0.747832817558
550.pdb,T136Q,-531.945016023,-531.910801475,1.0
551.pdb,L162W,-531.811864549,-531.807267105,0.846686166364
552.pdb,M167Q,-531.895564981,-531.855859671,1.0
553.pdb,D145L,-531.343200647,-531.308895078,0.481883223947
554.pdb,T173L,-530.98018948,-530.939082286,0.556567286097
555.pdb,I64N,-530.867112134,-530.848656551,0.728534044433
556.pdb,K297V,-530.204273935,-530.175698787,0.202890796268
557.pdb,N64F,-530.470703168,-530.441194607,1.0
558.pdb,Y190K,-531.012493521,-530.983657825,1.0
559.pdb,L16F,-530.388065168,-530.358887613,0.256928839932
560.pdb,M105Q,-530.48737006,-530.467082619,1.0
561.pdb,A156Q,-530.293601473,-530.269453357,0.492981514568
562.pdb,H1E,-531.788135946,-531.761015052,1.0
563.pdb,H147N,-532.593681915,-532.562962841,1.0
564.pdb,V117S,-532.477162835,-532.441134574,0.91158023385
565.pdb,Y119F,-532.697214024,-532.81059852,1.0
566.pdb,E37S,-532.183631169,-532.137678257,0.622121600954
567.pdb,F16D,-532.111072505,-532.063436745,0.927333570404
568.pdb,L145M,-531.900416437,-531.852127518,0.7668840476
569.pdb,R199L,-531.267292056,-531.220423118,0.447648124798
570.pdb,F20N,-531.120954528,-531.071217525,0.789199916104
571.pdb,F119H,-530.668475206,-530.615257343,0.423932867258
572.pdb,Q155N,-530.581947742,-530.524368471,0.821089776198
573.pdb,Q148H,-530.343677695,-530.292542756,0.561581287213
574.pdb,M198V,-530.188929795,-530.147231052,0.573538852386
575.pdb,H119Q,-530.244178632,-530.220866899,0.968084399618
576.pdb,M123A,-531.188142428,-531.167641411,1.0
577.pdb,W73E,-531.593871715,-531.551712127,1.0
578.pdb,P300K,-530.606153687,-530.572548275,0.190729239393
579.pdb,K300R,-530.028696017,-529.994327148,0.216320160357
580.pdb,A219H,-531.41699841,-531.407531673,1.0
581.pdb,K287G,-530.984994785,-530.975033036,0.510264184423
582.pdb,W276K,-532.418932027,-532.405558309,1.0
583.pdb,N18Y,-531.240139127,-531.23065211,0.279785747856
584.pdb,Y18T,-531.525549657,-531.521015159,1.0
585.pdb,R23M,-530.852383856,-530.825313815,0.342092459881
586.pdb,Q167S,-530.63271265,-530.602318736,0.50440183356
587.pdb,S37A,-530.767107444,-530.722416436,1.0
588.pdb,A160T,-530.577382382,-530.549368695,0.647428066375
589.pdb,L173A,-529.829354413,-529.799244882,0.117470545024
590.pdb,T160A,-530.050343564,-530.022267383,1.0
591.pdb,S117F,-529.755404566,-529.73996382,0.344881142012
592.pdb,A135V,-531.225895844,-531.2077192,1.0
593.pdb,K56S,-530.832798936,-530.812774326,0.503936414591
594.pdb,D16T,-531.064880718,-531.035286177,1.0
595.pdb,A173Q,-532.177422734,-532.149903191,1.0
596.pdb,E74Y,-531.627252525,-531.586063702,0.553918132339
597.pdb,M145N,-532.224389207,-532.184270625,1.0
598.pdb,T14R,-531.631370863,-531.598050045,0.547346322903
599.pdb,K38H,-531.164489331,-531.131642346,0.518210107739
600.pdb,K166A,-531.383576705,-531.396185046,1.0
601.pdb,G287T,-531.987298173,-531.95836533,1.0
602.pdb,A101H,-531.112728378,-531.050740716,0.328461115928
603.pdb,F117T,-530.888592541,-530.835022253,0.637574232819
604.pdb,N147K,-530.319506387,-530.268371035,0.283263723794
605.pdb,K190A,-530.252637124,-530.213220947,0.787082860319
606.pdb,R246Q,-530.309352645,-530.282360445,1.0
607.pdb,T18Q,-530.864700664,-530.846007114,1.0
608.pdb,T234L,-531.436153317,-531.428690199,1.0
609.pdb,G102A,-531.835711399,-531.807511546,1.0
610.pdb,T287M,-531.623108422,-531.593922453,0.779912388656
611.pdb,M23A,-530.591701488,-530.554780614,0.179795087223
612.pdb,A189S,-531.689100699,-531.646249122,1.0
613.pdb,S227L,-531.292307392,-531.246945724,0.596420146687
614.pdb,E157N,-531.079558547,-531.035073574,0.709647509905
615.pdb,N155T,-531.466510875,-531.425071489,1.0
616.pdb,T155W,-531.884594829,-531.838304306,1.0
617.pdb,K147L,-531.240811007,-531.190870625,0.446079491421
618.pdb,Q105I,-531.254940307,-531.213558889,0.975031137456
619.pdb,N124K,-530.959704137,-530.897704341,0.562444885993
620.pdb,I105K,-531.056537906,-531.001572474,1.0
621.pdb,K257Q,-530.811550271,-530.755802656,0.641029611859
622.pdb,K124D,-530.817101745,-530.767399049,0.988803308886
623.pdb,S56A,-530.901832627,-530.852726738,1.0
624.pdb,R300T,-531.589180706,-531.535396772,1.0
625.pdb,S262A,-531.186564119,-531.137259385,0.56500643873
626.pdb,Q289K,-531.009546547,-530.964178887,0.743884372809
627.pdb,Y74R,-531.022274288,-530.981847985,0.987113598528
628.pdb,F292Y,-531.103281206,-531.061664492,1.0
629.pdb,A23R,-532.521351763,-532.486421502,1.0
630.pdb,S87A,-533.05467698,-533.02088373,1.0
631.pdb,A171M,-531.894411322,-531.857872003,0.425054723073
632.pdb,A37M,-531.7609618,-531.733435916,0.85799918895
633.pdb,T300S,-531.790975586,-531.757378961,1.0
634.pdb,W155G,-531.002717813,-530.968722022,0.336290957952
635.pdb,H101G,-531.706572047,-531.670958035,1.0
636.pdb,D146K,-531.735003212,-531.698660507,1.0
637.pdb,E73A,-532.266426878,-532.227251558,1.0
638.pdb,A73D,-531.922355664,-531.88278129,0.731329411192
639.pdb,R14Q,-531.854030256,-531.815011723,0.924716851643
640.pdb,M169Q,-532.086060185,-532.047185115,1.0
641.pdb,S167L,-532.531854551,-532.495468669,1.0
642.pdb,Q136G,-532.071462318,-532.031969375,0.689833766245
643.pdb,Y271F,-531.214426517,-531.18307316,0.355799182882
644.pdb,R74E,-531.798619647,-531.767476247,1.0
645.pdb,K58E,-531.668095304,-531.635137954,0.862335229085
646.pdb,A102N,-532.368154531,-532.338965404,1.0
647.pdb,L277N,-532.357000912,-532.322290846,0.975017981389
648.pdb,H148I,-531.46042941,-531.431633385,0.399446452966
649.pdb,N245T,-531.361440264,-531.341510598,0.869897303868
650.pdb,A190E,-531.632078725,-531.605702698,1.0
651.pdb,K263P,-531.173647098,-531.167592181,0.529550438469
652.pdb,Y113F,-531.17283944,-531.158652919,0.993396498204
653.pdb,N157L,-531.263233677,-531.239395451,1.0
654.pdb,N154K,-531.008278654,-531.007463775,0.657283563526
655.pdb,Q18Y,-530.227442677,-530.230528935,0.174568589089
656.pdb,M37K,-531.496264258,-531.719210557,1.0
657.pdb,M282K,-531.434605317,-531.429389269,0.664806374767
658.pdb,A160K,-531.448557605,-531.451146096,0.998165521489
659.pdb,K78H,-531.498457623,-531.500627857,1.0
660.pdb,K146Q,-530.999261472,-531.006074496,0.449919111148
661.pdb,K289H,-530.424325398,-530.423390393,0.299551762669
662.pdb,E190K,-530.312697496,-530.331275679,0.712772211647
663.pdb,E36L,-530.926544568,-530.923190808,1.0
664.pdb,I148Q,-531.807297366,-531.804620676,1.0
665.pdb,K160Q,-531.365989175,-531.358548581,0.57683623488
666.pdb,T16E,-531.53107867,-531.515219149,1.0
667.pdb,K154D,-532.020710781,-532.003922146,1.0
668.pdb,E59W,-532.153162922,-532.137915852,1.0
669.pdb,E58Q,-532.128815799,-532.115119093,0.96942450554
670.pdb,D124K,-532.180954708,-532.171173926,1.0
671.pdb,K276S,-532.623290564,-532.619353642,1.0
672.pdb,H78E,-533.628616773,-533.601755166,1.0
673.pdb,L167M,-533.4563685,-533.439181291,0.929747294604
674.pdb,D73S,-533.216287187,-533.200400229,0.896366239304
675.pdb,H289E,-533.429921366,-533.405740464,1.0
676.pdb,S61M,-532.615170668,-532.596116355,0.651149366218
677.pdb,M31V,-533.375654587,-533.367882653,1.0
678.pdb,K105Q,-531.793410814,-531.76104007,0.326928476263
679.pdb,L147G,-533.64793991,-533.615320535,1.0
680.pdb,K248I,-532.38031458,-532.359004093,0.504293232365
681.pdb,V6T,-530.624501273,-530.611176914,0.0929748592174
682.pdb,S73Y,-530.451489843,-530.44219961,0.657169048908
683.pdb,H195N,-531.480572634,-531.462061779,1.0
684.pdb,Q173I,-530.536868692,-530.527445234,0.188274396047
685.pdb,V259T,-530.300920006,-530.29885945,0.547840350062
686.pdb,F278Y,-530.382233677,-530.367734044,1.0
687.pdb,N293T,-530.34483435,-530.529520617,0.901353267255
688.pdb,I248Y,-532.223629548,-532.190464048,1.0
689.pdb,L157V,-532.008203473,-531.970115102,0.822899544911
690.pdb,L214H,-531.522524034,-531.482131293,0.583497704435
691.pdb,M26A,-531.374694509,-531.334603581,0.818184977569
692.pdb,E78A,-531.300325072,-531.264144539,0.890903184477
693.pdb,N195Q,-531.518998907,-531.484283851,1.0
694.pdb,G101S,-532.688086487,-532.644589908,1.0
695.pdb,M287T,-532.924970084,-532.896159854,1.0
696.pdb,Y248I,-532.810442347,-532.786306587,0.929391263651
697.pdb,D22G,-530.877926269,-530.850588269,0.117370392272
698.pdb,G136D,-531.05262925,-531.028474294,1.0
699.pdb,R151S,-530.720807094,-530.675795086,0.504922199219
700.pdb,T287N,-530.069009117,-530.024159387,0.196541034736
701.pdb,E74Q,-529.907431033,-529.872743875,0.587082732121
702.pdb,V284I,-530.547799171,-530.515173887,1.0
703.pdb,Y80D,-530.970192886,-530.933690635,1.0
704.pdb,Q195T,-531.512220352,-531.475287206,1.0
705.pdb,I173E,-532.027922581,-531.987564571,1.0
706.pdb,H38Q,-531.703420626,-531.678832549,0.698820596389
707.pdb,Q146E,-531.611271267,-531.590369811,0.894275072495
708.pdb,K273Q,-532.329647433,-532.310686123,1.0
709.pdb,F126G,-531.609874591,-531.573335771,0.484381898665
710.pdb,T259A,-531.805673376,-531.761519519,1.0
711.pdb,T117A,-531.623481026,-531.57919787,0.789343682306
712.pdb,A4Q,-531.400183353,-531.358873947,0.748407698549
713.pdb,Y278F,-531.196555684,-531.145499329,0.71164630534
714.pdb,F19Y,-530.488412266,-530.442403153,0.255233200289
715.pdb,E146M,-530.599085438,-530.56093375,1.0
716.pdb,M146K,-531.152178788,-531.109786375,1.0
717.pdb,A78M,-531.286690641,-531.259101083,1.0
718.pdb,D99S,-531.195565278,-531.157950932,0.839163466727
719.pdb,S189G,-532.42308943,-532.380042239,1.0
720.pdb,G126E,-533.006858876,-532.96120359,1.0
721.pdb,K159Y,-531.41084318,-531.376326591,0.242118210846
722.pdb,M167A,-531.733131012,-531.697504386,1.0
723.pdb,M61N,-532.303552984,-532.257177703,1.0
724.pdb,G155F,-531.8670678,-531.816806719,0.665085120026
725.pdb,E16K,-532.274326253,-532.219949598,1.0
726.pdb,E173W,-531.202532922,-531.143601093,0.295098352377
727.pdb,E126V,-531.512072246,-531.461482847,1.0
728.pdb,A170G,-530.980786673,-530.920048278,0.441051089842
729.pdb,F64Y,-531.053665145,-530.99888958,1.0
730.pdb,K37E,-530.807365032,-531.052857706,0.588513111122
731.pdb,D80S,-531.009719222,-530.964223686,0.857823489313
732.pdb,A56Y,-529.596222142,-529.54875991,0.0215440109185
733.pdb,T6V,-531.279545096,-531.240558197,1.0
734.pdb,D163H,-530.562024401,-530.528389248,0.255425597714
735.pdb,N102R,-529.920814874,-529.875289547,0.171788208618
736.pdb,R102K,-530.503007161,-530.459534482,1.0
737.pdb,K16Y,-530.416915558,-530.369171222,0.761916350577
738.pdb,V297A,-531.420795471,-531.355252752,1.0
739.pdb,A206S,-531.227598785,-531.182259164,0.740531828955
740.pdb,D136G,-531.096765726,-531.052106857,0.783104957806
741.pdb,Q14R,-531.164881926,-531.109704717,0.991785109187
742.pdb,W173A,-531.148529153,-531.101649847,0.933821763873
743.pdb,Y64T,-530.977377773,-530.928505618,0.748228543302
744.pdb,S99K,-531.710717557,-531.664462832,1.0
745.pdb,K124E,-531.612823315,-531.530688798,0.792950855623
746.pdb,T64V,-532.000492583,-531.922472085,1.0
747.pdb,Y159N,-532.227480205,-532.148072795,1.0
748.pdb,V108I,-531.8508419,-531.768951135,0.699630036297
749.pdb,N61D,-531.945676263,-531.872951148,1.0
750.pdb,Y56E,-533.74045557,-533.677868735,1.0
751.pdb,Q225E,-533.739397811,-533.675988916,0.996623105421
752.pdb,I248Q,-534.051421198,-533.986973136,1.0
753.pdb,Y183F,-531.911339893,-531.857657707,0.295307108095
754.pdb,Y82F,-531.358811203,-531.308696298,0.514120663056
755.pdb,Q246G,-530.065148986,-530.022075265,0.0646070204654
756.pdb,K146N,-529.883125495,-529.817712675,0.471015809975
757.pdb,H163N,-530.782880257,-530.714649385,1.0
758.pdb,S80E,-531.217619874,-531.419416508,1.0
759.pdb,Y18D,-532.673002897,-532.594826187,1.0
760.pdb,A173W,-532.751108111,-532.679882118,1.0
761.pdb,Q156N,-533.068574408,-532.983837681,1.0
762.pdb,Y247F,-532.794592134,-532.721933154,0.856083395481
763.pdb,S300I,-532.00723735,-531.929604081,0.548403046554
764.pdb,N191S,-530.884141202,-530.804180079,0.214799281087
765.pdb,D65H,-530.757031175,-530.694452511,0.623026177182
766.pdb,N295K,-531.849313252,-531.781553032,1.0
767.pdb,V64K,-531.81084277,-531.7396808,0.955414110735
768.pdb,R14T,-531.996513746,-531.938857328,1.0
769.pdb,F200Y,-532.482131238,-532.425046135,1.0
770.pdb,Y73M,-531.940537692,-531.882755204,0.623039503152
771.pdb,M171E,-532.008876704,-531.95948329,1.0
772.pdb,H65A,-532.516486882,-532.46889098,1.0
773.pdb,V157L,-532.663220945,-532.615496418,1.0
774.pdb,D61N,-532.546599162,-532.499726551,0.904519335367
775.pdb,E171S,-533.348110552,-533.307146001,1.0
776.pdb,A65S,-532.393375247,-532.353240207,0.576020305135
777.pdb,S95K,-531.412618094,-531.377291107,0.362311594188
778.pdb,T245W,-531.126995879,-531.082436839,0.620195320782
779.pdb,K102L,-530.905629573,-530.869648736,0.678454862547
780.pdb,N61E,-530.791032455,-530.740201513,0.767314200493
781.pdb,T293M,-529.434444354,-529.39316612,0.0169584007137
782.pdb,K95A,-529.402254991,-529.36255152,0.698391371563
783.pdb,I125V,-529.460712584,-529.415397587,1.0
784.pdb,M293A,-529.463335246,-529.41417708,0.948928628514
785.pdb,E30Q,-529.897332377,-529.843818731,1.0
786.pdb,L227K,-530.155588928,-530.093398419,1.0
787.pdb,K266S,-531.485976651,-531.421851624,1.0
788.pdb,Q273S,-531.025818362,-531.248689553,0.4974813417
789.pdb,S191A,-531.647639386,-531.60197732,1.0
790.pdb,K64V,-531.761039453,-531.703703406,1.0
791.pdb,W173K,-532.637025153,-532.575712766,1.0
792.pdb,T195G,-531.891272431,-531.832569655,0.538310827604
793.pdb,W59T,-531.932372017,-531.86922664,1.0
794.pdb,N156K,-531.840671793,-531.773864712,0.884094502262
795.pdb,Q58S,-531.631114276,-531.566381891,0.780659621304
796.pdb,S273T,-532.023282843,-531.964593408,1.0
797.pdb,M73Q,-532.16472885,-532.096853063,1.0
798.pdb,A250G,-530.509591552,-530.438193147,0.0860899941479
799.pdb,S77L,-530.892729454,-530.820990015,1.0
800.pdb,A262K,-530.566801612,-530.493750832,0.499644271997
801.pdb,N159W,-530.807463726,-530.739705597,1.0
802.pdb,E24S,-530.300542093,-530.244158348,0.277718462631
803.pdb,V126Q,-531.162823749,-531.117426124,1.0
804.pdb,W159Q,-530.964316974,-530.914121862,0.713162495386
805.pdb,Q160I,-529.754367604,-529.717250127,0.0433422961317
806.pdb,W249T,-529.995298172,-529.949974549,1.0
807.pdb,S171A,-530.362587586,-530.3317758,1.0
808.pdb,N20G,-530.311834714,-530.279262227,0.860446539172
809.pdb,L77Q,-530.475153676,-530.443622005,1.0
810.pdb,A297S,-530.528621996,-530.500020918,1.0
811.pdb,K227L,-530.30670999,-530.27688832,0.541178535051
812.pdb,Q74E,-530.529087983,-530.501224214,1.0
813.pdb,G250N,-530.273138443,-530.56191427,0.523169910407
814.pdb,G22D,-531.396783246,-531.359474568,1.0
815.pdb,S151A,-531.93812731,-531.900742289,1.0
816.pdb,S58R,-531.308220234,-531.270695587,0.465407572787
817.pdb,E61G,-531.558212277,-531.51678093,1.0
818.pdb,A95G,-531.105976066,-531.06919269,0.45846801167
819.pdb,N146M,-530.834373201,-530.788648993,0.605186743851
820.pdb,N250Y,-531.939214691,-531.898888646,1.0
821.pdb,G61D,-532.046676751,-532.004512577,1.0
822.pdb,I300P,-533.711324611,-533.69083539,1.0
823.pdb,Q38L,-533.476644433,-533.461918391,0.912611734655
824.pdb,W245V,-532.510974652,-532.503138969,0.591359167911
825.pdb,Y16R,-531.854875559,-531.840288318,0.550132188588
826.pdb,A167T,-531.265139022,-531.258419765,0.457581907714
827.pdb,K240F,-531.090220395,-531.087185924,0.733734240008
828.pdb,N145K,-531.089170035,-531.071563187,0.957579435202
829.pdb,H53T,-530.703982912,-530.685010557,0.476864041228
830.pdb,Q248S,-530.800102419,-530.781615618,1.0
831.pdb,E74Q,-530.717893035,-530.693736533,0.79917619023
832.pdb,F155L,-531.895126254,-531.864606619,1.0
833.pdb,Q159Y,-531.674662727,-531.637770116,0.763023312019
834.pdb,K99A,-531.962922,-531.925005752,1.0
835.pdb,V233I,-530.499959655,-530.478006291,0.101050091757
836.pdb,G246N,-531.342598711,-531.294839938,1.0
837.pdb,A191F,-531.484821651,-531.440036724,1.0
838.pdb,L155E,-531.575410675,-531.530419086,1.0
839.pdb,V43I,-532.524225237,-532.479922209,1.0
840.pdb,V177T,-531.704916266,-531.676471768,0.465204390006
841.pdb,E124G,-531.844204201,-531.792666847,1.0
842.pdb,M146E,-531.904470475,-531.855250857,0.912642595366
843.pdb,L227T,-532.108970244,-532.058783212,1.0
844.pdb,I160Q,-532.772139877,-532.720037558,1.0
845.pdb,E280R,-531.707690572,-531.730531525,0.40711247225
846.pdb,A293M,-532.100057328,-532.042466247,1.0
847.pdb,N246K,-533.467278974,-533.422767932,1.0
848.pdb,D61L,-533.041224101,-532.997623169,0.820461405953
849.pdb,E289Q,-533.634223027,-533.59009097,1.0
850.pdb,T59N,-533.331876782,-533.281609072,0.87748603116
851.pdb,S65H,-533.945879174,-533.904833869,1.0
852.pdb,R58Y,-532.193534177,-532.151757948,0.396038043718
853.pdb,Q30E,-531.789483247,-531.753103947,0.664645219234
854.pdb,V125I,-531.77840279,-531.736493858,0.952051839909
855.pdb,V198K,-531.006702772,-530.969025029,0.33988502666
856.pdb,Y159Q,-531.470478258,-531.439205449,1.0
857.pdb,G20T,-531.870448328,-531.839140095,1.0
858.pdb,R280S,-532.27465742,-532.23590085,1.0
859.pdb,I108V,-531.823838113,-531.790895683,0.65535913466
860.pdb,V64I,-531.573034923,-531.531219186,0.735186940305
861.pdb,Q159I,-531.159555602,-531.10938691,0.545756345684
862.pdb,E290A,-531.182273774,-531.475526991,1.0
863.pdb,Q105S,-531.261377472,-531.216848534,0.670813841281
864.pdb,V245I,-531.152459654,-531.10601927,0.787338968765
865.pdb,S206G,-530.809501207,-530.762711687,0.526222244253
866.pdb,L157G,-530.453179107,-530.406080295,0.395739267784
867.pdb,A117M,-530.64162967,-530.598699088,1.0
868.pdb,I245T,-531.370267454,-531.322796128,1.0
869.pdb,L61A,-531.525108765,-531.474733786,1.0
870.pdb,G157A,-532.21868493,-532.176845379,1.0
871.pdb,E146S,-533.072478042,-533.044471163,1.0
872.pdb,R25T,-531.656189791,-531.62447332,0.323579422997
873.pdb,T249G,-531.465094769,-531.439750237,0.714099308504
874.pdb,I159A,-531.892447094,-531.860001243,1.0
875.pdb,T25D,-532.441800212,-532.416313987,1.0
876.pdb,A151K,-532.679527191,-532.651105393,1.0
877.pdb,S111G,-532.151317692,-532.127624246,0.664226975101
878.pdb,S146N,-531.728474716,-531.695776515,0.64501193498
879.pdb,E56Q,-531.342742928,-531.303508218,0.612562985389
880.pdb,F283Y,-530.254293532,-530.222288333,0.113797258695
881.pdb,G95A,-530.727804832,-530.697830666,1.0
882.pdb,G249M,-530.960168825,-530.930756293,1.0
883.pdb,I64Q,-530.869631275,-530.82514066,0.774620075413
884.pdb,T245Y,-530.977830608,-530.931060345,1.0
885.pdb,D18K,-530.809589199,-530.753247996,0.697015492149
886.pdb,Q73D,-531.635533579,-531.58068031,1.0
887.pdb,I233T,-530.997018442,-530.937573947,0.368699558847
888.pdb,S105F,-531.047029528,-531.006080206,1.0
889.pdb,K282E,-530.882413218,-530.842787516,0.738964227046
890.pdb,E80D,-530.83986012,-530.799612817,0.85553333107
891.pdb,S24V,-530.887168324,-530.847447768,1.0
892.pdb,Q74P,-531.002004117,-530.981810143,1.0
893.pdb,K173W,-529.68872265,-529.684505037,0.0301534522336
894.pdb,M293V,-529.743941122,-529.740291897,1.0
895.pdb,E37R,-529.709827359,-529.729234414,0.507236393403
896.pdb,G170A,-530.42386944,-530.450831557,1.0
897.pdb,H65F,-530.76066101,-530.763308867,1.0
898.pdb,S248E,-531.02050797,-531.021050546,1.0
899.pdb,L102K,-531.269037217,-531.26857138,1.0
900.pdb,Q56V,-531.509896876,-531.514655845,1.0
901.pdb,D25V,-531.639679105,-531.641889385,1.0
902.pdb,A166M,-531.027725855,-531.021751234,0.410619002282
903.pdb,N146T,-531.114090068,-531.106049296,1.0
904.pdb,G195N,-531.215133873,-531.185595098,1.0
905.pdb,H217Y,-529.730122845,-529.863106068,0.0255766926385
906.pdb,R37E,-530.105277516,-530.119162104,1.0
907.pdb,L36K,-530.315789917,-530.326090454,1.0
908.pdb,N277Y,-529.635909595,-529.643404527,0.11075303094
909.pdb,G136V,-529.80646264,-529.806463029,1.0
910.pdb,M117N,-530.217711818,-530.218318525,1.0
911.pdb,D80Y,-530.644502809,-530.613921398,1.0
912.pdb,Q160A,-531.060672432,-531.035463952,1.0
913.pdb,T167R,-531.478680719,-531.453530425,1.0
914.pdb,K262A,-531.71540796,-531.699628936,1.0
915.pdb,Y52W,-531.045771483,-531.000116602,0.348720259367
916.pdb,T53R,-531.091615517,-531.049401754,1.0
917.pdb,R53V,-530.526838655,-530.480649569,0.318744654964
918.pdb,S275N,-530.976645291,-530.930703933,1.0
919.pdb,M249N,-531.550814436,-531.514270502,1.0
920.pdb,W52Q,-530.977233811,-530.941748881,0.419522541504
921.pdb,V25L,-531.983090834,-531.951296117,1.0
922.pdb,V136K,-531.896900642,-531.874099301,0.887297550149
923.pdb,V56H,-531.215138079,-531.19681766,0.418272630923
924.pdb,W173A,-531.668807416,-531.651020163,1.0
925.pdb,E37V,-532.136623877,-532.104100087,1.0
926.pdb,Q4R,-532.223472197,-532.181176205,0.983911330097
927.pdb,N59H,-531.791374062,-531.754453304,0.655471509863
928.pdb,E1G,-532.057883538,-532.019024745,1.0
929.pdb,K246D,-531.078331892,-531.039365142,0.291685979739
930.pdb,T228K,-530.444468699,-530.407410341,0.252532677899
931.pdb,H56A,-530.724502122,-530.68402062,1.0
932.pdb,Q52H,-531.276427583,-531.247114123,1.0
933.pdb,R167D,-531.391900594,-531.348029528,1.0
934.pdb,A171G,-530.491389324,-530.446020177,0.173711650458
935.pdb,L91N,-530.79185967,-530.759534911,1.0
936.pdb,K295H,-530.106868355,-530.07910748,0.184815682426
937.pdb,K18Q,-530.070249995,-530.042623198,0.770308653499
938.pdb,H295K,-530.788891877,-530.754463466,1.0
939.pdb,Y58D,-533.793758726,-533.762614677,1.0
940.pdb,E155N,-533.44349285,-533.407812045,0.879402450002
941.pdb,D22G,-532.763360572,-532.729418134,0.711851787075
942.pdb,K228G,-532.500586255,-532.470697187,0.829948006448
943.pdb,D246K,-533.452566895,-533.423810801,1.0
944.pdb,T233G,-531.754143919,-531.723627669,0.306239523311
945.pdb,D73G,-531.08091906,-531.039697753,0.383738912168
946.pdb,T146E,-530.636186126,-530.609058307,0.413766032244
947.pdb,A95G,-530.197322116,-530.173932733,0.31981361329
948.pdb,A56K,-530.556962969,-530.532651867,1.0
949.pdb,F105I,-529.966094026,-529.946310043,0.19050185728
950.pdb,L199E,-529.71049298,-529.690346151,0.413523923197
951.pdb,I105D,-530.009561813,-529.978376819,1.0
952.pdb,M78E,-530.00039033,-529.990950733,0.866789450753
953.pdb,N195G,-530.078864831,-530.056148536,1.0
954.pdb,S276T,-530.049733899,-530.031351312,0.886187092767
955.pdb,N249D,-530.148482016,-530.131597001,1.0
956.pdb,G206K,-530.240665202,-530.216623773,1.0
957.pdb,A173L,-531.041119128,-531.023647847,1.0
958.pdb,G95N,-531.799948422,-531.779872919,1.0
959.pdb,N155G,-531.783283965,-531.761362772,0.973117590207
960.pdb,Y80H,-531.220347852,-531.193762165,0.456144189912
961.pdb,I103H,-530.624867046,-530.601626707,0.33739684745
962.pdb,A174S,-530.071673568,-530.043984868,0.215364360681
963.pdb,K156D,-530.211200377,-530.183702688,1.0
964.pdb,R16Q,-531.28611938,-531.252356105,1.0
965.pdb,K136V,-531.348380548,-531.309236559,1.0
966.pdb,K151T,-530.496115759,-530.479272308,0.208418411584
967.pdb,A99N,-530.474640972,-530.447484952,0.819400821635
968.pdb,G195E,-531.099022376,-531.069323294,1.0
969.pdb,G155Q,-531.173293508,-531.162319197,1.0
970.pdb,L173K,-531.333757854,-531.308884265,1.0
971.pdb,V53F,-530.584040045,-530.566174039,0.256533461015
972.pdb,Q257Y,-531.32576662,-531.346972021,1.0
973.pdb,G73K,-531.846171971,-531.809295838,1.0
974.pdb,Y257N,-532.429157547,-532.386085653,1.0
975.pdb,T227M,-532.009876478,-531.970356492,0.700678830353
976.pdb,Y245H,-532.073534689,-532.03111128,1.0
977.pdb,M227G,-532.01263018,-531.97707531,0.942699331923
978.pdb,V293S,-532.021444718,-531.982897189,1.0
979.pdb,D167W,-531.624365231,-531.597695011,0.650872364446
980.pdb,T270A,-531.207548809,-531.17685051,0.567576409644
981.pdb,E78K,-531.784298372,-531.756410755,1.0
982.pdb,A160G,-531.111319399,-531.089485438,0.400477669693
983.pdb,L150I,-531.140490108,-531.117983401,1.0
984.pdb,Q155E,-531.433483363,-531.413435129,1.0
985.pdb,N257D,-530.955299412,-530.928637438,0.46975644244
986.pdb,G1S,-531.71153823,-531.681017628,1.0
987.pdb,G171L,-530.715402968,-530.687840692,0.214059729085
988.pdb,E155Q,-530.457506338,-530.423627681,0.531405864388
989.pdb,K145A,-530.502833203,-530.460537054,1.0
990.pdb,H80F,-530.897018645,-530.85720985,1.0
991.pdb,Q18I,-529.767900194,-529.744204854,0.0486270899634
992.pdb,H59Y,-529.418586695,-529.387812177,0.238674005728
993.pdb,Y59T,-530.146046739,-530.115548382,1.0
994.pdb,S280E,-530.242113002,-530.206197965,1.0
995.pdb,K173G,-529.923357698,-529.89434711,0.383571029626
996.pdb,G22L,-530.092581368,-530.059654622,1.0
997.pdb,V136L,-530.623335601,-530.577357033,1.0
998.pdb,A157V,-530.70935179,-530.665247512,1.0
999.pdb,L171T,-531.315263511,-531.278837708,1.0
1000.pdb,K102T,-531.428374595,-531.395593311,1.0
1001.pdb,D156A,-531.454632351,-531.417445567,1.0
1002.pdb,D58Q,-531.78036111,-531.745771199,1.0
1003.pdb,Q16E,-531.252292492,-531.21511946,0.50393375339
1004.pdb,G124K,-531.446285572,-531.39302639,1.0
1005.pdb,A61Q,-531.192447544,-531.136619207,0.677093252839
1006.pdb,K295M,-531.281086081,-531.225149022,1.0
1007.pdb,N117V,-531.381943614,-531.318285836,1.0
1008.pdb,K246E,-530.486581731,-530.429717497,0.192512623794
1009.pdb,G233L,-531.352149105,-531.285126003,1.0
1010.pdb,A145N,-531.351210846,-531.293140621,0.985261575758
1011.pdb,D249A,-531.007381977,-530.939367899,0.57285470458
1012.pdb,K207Q,-530.457425967,-530.388505106,0.325660702851
1013.pdb,K36S,-529.205280367,-529.140715357,0.0121096679579
1014.pdb,W167R,-529.484409566,-529.421874257,1.0
1015.pdb,G160F,-529.421145498,-529.360542615,0.7398557849
1016.pdb,R167M,-529.477619831,-529.427251184,1.0
1017.pdb,A156N,-529.512964932,-529.454908439,1.0
1018.pdb,L233A,-529.658386425,-529.611378117,1.0
1019.pdb,Q155W,-530.314016304,-530.262290652,1.0
1020.pdb,F65N,-530.454653825,-530.411369584,1.0
1021.pdb,T2S,-530.092675304,-530.039718167,0.368943296235
1022.pdb,Q61D,-530.674837239,-530.616824773,1.0
1023.pdb,G173T,-531.279168618,-531.233341631,1.0
1024.pdb,A290Q,-532.078480916,-532.027038863,1.0
1025.pdb,Q207E,-531.938079169,-531.887688427,0.873676424588
1026.pdb,A233V,-534.657664868,-534.60270996,1.0
1027.pdb,S2N,-532.35097601,-532.297756686,0.378825064325
1028.pdb,S69Q,-532.133713005,-532.093290947,0.824064291478
1029.pdb,T14V,-531.782812904,-531.738493435,0.703860886608
1030.pdb,K56I,-531.466221485,-531.416623448,0.664749401139
1031.pdb,S293R,-531.099984267,-531.045355474,0.565731883865
1032.pdb,D105L,-530.564682931,-530.506625951,0.353800215228
1033.pdb,L25Q,-529.695618161,-529.64062282,0.0782856847302
1034.pdb,Q25M,-529.485270051,-529.432028505,0.432023113444
1035.pdb,R293N,-530.637022246,-530.603718159,1.0
1036.pdb,T177V,-531.066071229,-531.032469203,1.0
1037.pdb,Y250A,-530.510258676,-530.475265057,0.320764672606
1038.pdb,Y277G,-530.453300186,-530.41444849,0.81072516828
1039.pdb,V117E,-530.028160552,-529.992395404,0.30303525445
1040.pdb,F80T,-530.804948527,-530.762566562,1.0
1041.pdb,E16I,-530.65944197,-530.617761187,0.738803235972
1042.pdb,W155D,-530.081062585,-530.037301141,0.232037798809
1043.pdb,L105D,-530.693903955,-530.652473699,1.0
1044.pdb,I16Q,-531.424766036,-531.390591224,1.0
1045.pdb,F191Y,-531.876753222,-531.835974129,1.0
1046.pdb,T102Q,-531.90830445,-531.879657575,1.0
1047.pdb,K206V,-531.964303642,-531.938069072,1.0
1048.pdb,T276A,-531.601872941,-531.562058424,0.669553719555
1049.pdb,E117D,-531.237525485,-531.202637183,0.606322457951
1050.pdb,Q102K,-531.105635758,-531.07594693,0.808085252994
1051.pdb,A75E,-530.45506225,-530.418751797,0.26401161091
1052.pdb,D257M,-530.955297253,-530.914067554,1.0
1053.pdb,N163D,-530.615852824,-530.563668989,0.487681349763
1054.pdb,A249H,-530.621335825,-530.572270779,0.989238014107
1055.pdb,H103R,-530.840618773,-530.798948016,1.0
1056.pdb,V24A,-531.155881494,-531.114997612,1.0
1057.pdb,M257Q,-532.227560999,-532.180554884,1.0
1058.pdb,E246D,-532.089113563,-532.040476762,0.878941704673
1059.pdb,A276Q,-531.717689199,-531.676097454,0.674740847917
1060.pdb,S36K,-532.595472886,-532.554372271,1.0
1061.pdb,K198T,-531.908572847,-531.865745398,0.564781792382
1062.pdb,A262M,-531.405557532,-531.36165047,0.55020020956
1063.pdb,H52F,-531.596444698,-531.552609477,1.0
1064.pdb,F52Q,-530.589019721,-530.550626674,0.186432486017
1065.pdb,H249Y,-530.789397173,-530.755690156,1.0
1066.pdb,K102Q,-530.92929108,-530.886685032,1.0
1067.pdb,F160L,-531.161800926,-531.119060905,1.0
1068.pdb,T80L,-531.818921604,-531.787092288,1.0
1069.pdb,I56M,-531.058459757,-531.021441303,0.356142838154
1070.pdb,D155E,-531.2983578,-531.265743754,1.0
1071.pdb,D163S,-531.3894153,-531.356345529,1.0
1072.pdb,R103K,-531.64523666,-531.617297619,1.0
1073.pdb,M27A,-531.258462487,-531.227035763,0.597221463557
1074.pdb,L160S,-531.387981109,-531.35720104,1.0
1075.pdb,Q58A,-531.475259646,-531.432324214,0.992694574415
1076.pdb,D15P,-531.514421102,-531.481605592,1.0
1077.pdb,F53D,-532.563585222,-532.520792361,1.0
1078.pdb,T171N,-531.922089926,-531.888197156,0.575055094208
1079.pdb,Q64R,-532.010411488,-531.980320768,1.0
1080.pdb,T198E,-532.556727456,-532.532074935,1.0
1081.pdb,V37A,-531.669263562,-531.63410419,0.439011030501
1082.pdb,A37R,-531.938338017,-531.911751254,1.0
1083.pdb,I18W,-531.454961274,-531.443484896,0.553786172789
1084.pdb,E146A,-531.551746638,-531.536346604,1.0
1085.pdb,Q52H,-532.068402628,-532.062487636,1.0
1086.pdb,N57D,-531.864225369,-531.852857757,0.816838066999
1087.pdb,L38K,-531.154755689,-531.144351581,0.398133416474
1088.pdb,H52T,-531.378320142,-531.36982381,1.0
1089.pdb,I150E,-531.467869885,-531.463712572,1.0
1090.pdb,Q126K,-530.962948888,-530.96016193,0.459332666267
1091.pdb,R4A,-530.788063887,-530.791939675,0.714656774725
1092.pdb,D61G,-530.346474036,-530.326089272,0.344430926637
1093.pdb,K38E,-530.580632939,-530.56659577,1.0
1094.pdb,Q257F,-530.42131552,-530.419168174,0.633625696076
1095.pdb,G227M,-530.558439719,-530.510444331,1.0
1096.pdb,M166A,-530.941954007,-530.902412043,1.0
1097.pdb,S163N,-531.15980982,-531.118773521,1.0
1098.pdb,W18G,-532.725595021,-532.684356619,1.0
1099.pdb,R64Y,-532.718991282,-532.672615118,0.990737154192
1100.pdb,V206K,-532.651796966,-532.60268289,0.955731746938
1101.pdb,H245E,-531.281853628,-531.234368224,0.253238776226
1102.pdb,Q69D,-531.412874242,-531.370616997,1.0
1103.pdb,A94T,-531.57675999,-531.53066706,1.0
1104.pdb,G18S,-531.325248075,-531.274286765,0.714091551569
1105.pdb,G277I,-531.072989599,-531.016279948,0.651745352936
1106.pdb,R37D,-531.064329599,-531.015227405,0.971478127273
1107.pdb,E199L,-531.508981142,-531.458509534,1.0
1108.pdb,V31Q,-531.179426555,-531.129985815,0.626662127678
1109.pdb,Q31E,-530.66860303,-530.621341103,0.359437960985
1110.pdb,Q289N,-531.414301085,-531.358652183,1.0
1111.pdb,E155V,-531.245335146,-531.175626925,0.762039205553
1112.pdb,Y208F,-531.377621171,-531.307161956,1.0
1113.pdb,D37K,-532.023670998,-531.968855125,1.0
1114.pdb,M262W,-531.559744122,-531.511230354,0.596153678347
1115.pdb,L80D,-530.874360402,-530.82158183,0.345067617482
1116.pdb,D117E,-531.272096208,-531.22967104,1.0
1117.pdb,A58E,-531.584441414,-531.546365259,1.0
1118.pdb,F257M,-532.709300113,-532.646626475,1.0
1119.pdb,E38T,-532.500068846,-532.449151248,0.859362108585
1120.pdb,K37A,-531.761938784,-531.706898974,0.509815615889
1121.pdb,W262S,-532.827043114,-532.777009177,1.0
1122.pdb,S160V,-531.622233713,-531.578344416,0.357087412221
1123.pdb,S18Y,-531.192073662,-531.145615183,0.555913450407
1124.pdb,L22Q,-531.61278909,-531.56920618,1.0
1125.pdb,D53T,-531.089770155,-531.062115271,0.474995709949
1126.pdb,N2A,-532.374335812,-532.327138743,1.0
1127.pdb,T38L,-532.815412189,-532.767235241,1.0
1128.pdb,I284L,-531.266517126,-531.220434817,0.224060222417
1129.pdb,N95T,-531.522978458,-531.480389627,1.0
1130.pdb,A4K,-531.991955999,-531.961132099,1.0
1131.pdb,M227F,-531.105640575,-531.064209234,0.322584218109
1132.pdb,L38K,-530.888206421,-530.865471641,0.677042376316
1133.pdb,Y249S,-531.221147713,-531.181927916,1.0
1134.pdb,A235V,-530.656816514,-530.607987604,0.335644856236
1135.pdb,V157A,-530.462172215,-530.416852648,0.61448182453
1136.pdb,N163K,-529.876746086,-529.829474584,0.134035746251
1137.pdb,Q276R,-529.896339027,-529.857340294,0.768508186617
1138.pdb,V160H,-531.253004587,-531.218728977,1.0
1139.pdb,I277F,-531.637556847,-531.602835356,1.0
1140.pdb,E245N,-532.946098022,-532.907616535,1.0
1141.pdb,A37V,-533.865715661,-533.830913581,1.0
1142.pdb,K103Q,-533.775726463,-533.734697949,0.961275363264
1143.pdb,F227R,-534.526933294,-534.489642961,1.0
1144.pdb,T95S,-535.288433411,-535.261635508,1.0
1145.pdb,Y260E,-533.238106402,-533.210520317,0.582592058176
1146.pdb,F42Y,-531.280038394,-531.245576867,0.181263520191
1147.pdb,H160V,-531.855535562,-531.839942119,1.0
1148.pdb,V83I,-531.176560814,-531.147284335,0.402160528852
1149.pdb,D80A,-531.724876742,-531.691584545,1.0
1150.pdb,E260W,-531.124389637,-531.096378348,0.43061803921
1151.pdb,T173K,-530.914642404,-530.884177666,0.686130088308
1152.pdb,E31A,-531.012274592,-530.969496691,1.0
1153.pdb,K173T,-531.236514224,-531.195483759,1.0
1154.pdb,S266A,-530.873113152,-530.829578547,0.542165091292
1155.pdb,G61A,-531.007385853,-530.97320528,1.0
1156.pdb,S297P,-531.10801026,-531.07295197,1.0
1157.pdb,E117N,-531.326989617,-531.275359398,1.0
1158.pdb,K73Q,-531.443917218,-531.401417698,1.0
1159.pdb,E58S,-531.304495731,-531.281617792,0.76310965603
1160.pdb,V155L,-531.174989543,-531.135969225,0.794508569975
1161.pdb,E207W,-530.706405728,-530.66538606,0.426844112046
1162.pdb,N289A,-529.517426522,-529.470476986,0.0285783952597
1163.pdb,D105E,-529.749737126,-529.727354054,1.0
1164.pdb,V160H,-530.964851461,-530.927637406,1.0
1165.pdb,M167S,-530.727600206,-530.697017831,0.585087002261
1166.pdb,V235A,-531.248394748,-531.217401842,1.0
1167.pdb,M295L,-531.073314432,-531.029415959,0.73760716341
1168.pdb,N65E,-531.170580254,-531.135662127,1.0
1169.pdb,E198K,-531.315931307,-531.283433005,1.0
1170.pdb,D154N,-530.998546408,-530.964145446,0.59984217479
1171.pdb,L136A,-530.858960657,-530.829205843,0.746363081339
1172.pdb,E248K,-531.348902,-531.309356134,1.0
1173.pdb,A157K,-531.458969494,-531.41981919,1.0
1174.pdb,Q16F,-531.031641153,-530.998882198,0.514361761843
1175.pdb,R227A,-531.282100454,-531.25234402,1.0
1176.pdb,Y18L,-531.952938241,-531.924303167,1.0
1177.pdb,M56E,-532.802710331,-532.77476505,1.0
1178.pdb,N156Y,-531.969509813,-531.938053106,0.52638596768
1179.pdb,N99K,-532.116780501,-532.084395257,1.0
1180.pdb,V135A,-530.528855719,-530.488521349,0.0945612757373
1181.pdb,K157A,-530.465699533,-530.430249008,0.725595650003
1182.pdb,N171Q,-530.369226716,-530.328879683,0.759655162109
1183.pdb,L284I,-531.662953673,-531.613661765,1.0
1184.pdb,S167E,-532.240779318,-532.201772444,1.0
1185.pdb,T53R,-532.179948791,-532.141882588,0.933568344533
1186.pdb,A259H,-532.421340385,-532.381010964,1.0
1187.pdb,T173G,-531.889874509,-531.85550106,0.626190801316
1188.pdb,A250Y,-532.190109797,-532.148465891,1.0
1189.pdb,H160Q,-532.692356317,-532.652313591,1.0
1190.pdb,K124A,-532.107911885,-532.068937067,0.641695007304
1191.pdb,A128G,-531.540725031,-531.505369809,0.539265478314
1192.pdb,Y64T,-531.681964306,-531.644003795,1.0
1193.pdb,K206F,-530.187805673,-530.148339058,0.061139089054
1194.pdb,K36E,-529.813887957,-529.770069344,0.300518601705
1195.pdb,K78G,-531.089619394,-531.03920964,1.0
1196.pdb,D69E,-531.10841576,-531.061797417,1.0
1197.pdb,K163Y,-530.431762887,-530.384870919,0.255315868061
1198.pdb,L155Q,-530.527789254,-530.483637463,1.0
1199.pdb,L18A,-530.439295912,-530.398073862,0.803472366486
1200.pdb,N145A,-530.447977784,-530.418698653,0.979916628
1201.pdb,P263E,-530.966476643,-530.945407142,1.0
1202.pdb,N264Q,-530.816362129,-530.793866704,0.748065268419
1203.pdb,E65Y,-531.005603713,-530.989253213,1.0
1204.pdb,E105D,-531.208778554,-531.186042641,1.0
1205.pdb,A18T,-531.25731835,-531.220790112,1.0
1206.pdb,T18N,-531.898012213,-531.868913928,1.0
1207.pdb,A227T,-532.362736333,-532.331120166,1.0
1208.pdb,L79I,-533.04632396,-533.012232615,1.0
1209.pdb,G173F,-532.910496037,-532.878275821,0.928958065668
1210.pdb,A241V,-531.279718373,-531.245971085,0.215632970002
1211.pdb,T227N,-531.294900334,-531.258938557,1.0
1212.pdb,A166Q,-531.406633774,-531.378431514,1.0
1213.pdb,F277G,-531.306739877,-531.279653403,0.868716007339
1214.pdb,L295S,-530.838163514,-530.810748848,0.457725237634
1215.pdb,Y65K,-530.799507038,-530.768971673,0.924877078657
1216.pdb,A159Q,-530.483012485,-530.450710093,0.507319315541
1217.pdb,Y156E,-531.263108881,-531.231961175,1.0
1218.pdb,Y191F,-530.799504796,-530.766464906,0.450212847094
1219.pdb,E36M,-530.724557454,-530.69058138,0.853451543732
1220.pdb,Q73K,-530.487672601,-530.448701784,0.592856999638
1221.pdb,A145N,-530.50503993,-530.479572205,0.998195352493
1222.pdb,L199R,-530.556389728,-530.530337442,1.0
1223.pdb,N117S,-530.475494221,-530.444082481,0.805308447725
1224.pdb,F206N,-531.301615081,-531.278203432,1.0
1225.pdb,N154L,-531.076241689,-531.043665614,0.693313177281
1226.pdb,N145Q,-530.932368769,-530.90996262,0.7669981849
1227.pdb,V108L,-529.578718978,-529.552769571,0.0239763984703
1228.pdb,Y163L,-529.862323689,-529.831732265,1.0
1229.pdb,K99S,-529.083422108,-529.05246709,0.0354672287993
1230.pdb,Q160L,-529.112487197,-529.079162126,1.0
1231.pdb,V8I,-529.340046982,-529.311585716,1.0
1232.pdb,T64I,-529.439468695,-529.420582928,1.0
1233.pdb,Q145L,-529.309030261,-529.28688612,0.539362479659
1234.pdb,G277S,-529.158753146,-529.137737662,0.47899298488
1235.pdb,K73M,-529.455384421,-529.415594697,1.0
1236.pdb,L163S,-529.408170012,-529.36725935,0.784653348995
1237.pdb,D41H,-528.822466151,-528.799507408,0.0420070409382
1238.pdb,S295R,-529.260220642,-529.245865064,1.0
1239.pdb,R276A,-529.762491818,-529.739001495,1.0
1240.pdb,E56T,-529.920228992,-529.898832673,1.0
1241.pdb,L145Q,-530.070257007,-530.042127598,1.0
1242.pdb,A136G,-529.458443823,-529.423112155,0.103586652002
1243.pdb,P152S,-529.112486422,-529.079610242,0.184556464435
1244.pdb,Q155A,-529.8749268,-529.847271355,1.0
1245.pdb,M73Q,-529.84610332,-529.817640545,0.902813722367
1246.pdb,Q169M,-529.859384899,-529.826164895,0.986399503682
1247.pdb,A124V,-529.750968968,-529.73538874,0.603558048922
1248.pdb,I64T,-529.671102904,-529.662060911,0.720854950945
1249.pdb,Q171M,-530.065385868,-530.242817721,1.0
1250.pdb,Q145E,-530.448942124,-530.441885046,1.0
1251.pdb,L108I,-532.105000291,-532.096956688,1.0
1252.pdb,G111A,-532.505370245,-532.496471215,1.0
1253.pdb,T151E,-531.577724085,-531.570119423,0.41541544387
1254.pdb,L160D,-531.46292218,-531.443815257,0.860939920364
1255.pdb,S163A,-531.818672931,-531.796232978,1.0
1256.pdb,Q159W,-531.642855631,-531.623951706,0.816706062275
1257.pdb,S99T,-531.612348969,-531.596605002,0.95832610912
1258.pdb,F16L,-531.795096409,-531.77448915,1.0
1259.pdb,A61L,-531.411218325,-531.392269071,0.622329764331
1260.pdb,N18I,-529.88831437,-529.862575574,0.0341554299189
1261.pdb,S117L,-530.065502828,-530.038062595,1.0
1262.pdb,M36H,-530.263564283,-530.240760691,1.0
1263.pdb,Y292F,-529.992725716,-529.967417286,0.433665021173
1264.pdb,K38Y,-529.964097211,-529.942277956,0.786521579449
1265.pdb,E151T,-530.889006274,-530.866535267,1.0
1266.pdb,T273R,-531.711426833,-531.698728569,1.0
1267.pdb,Q166M,-531.7070538,-531.695662069,0.988680809771
1268.pdb,E167R,-531.620552285,-531.601023741,0.87587252073
1269.pdb,Q103A,-530.885397617,-530.870815487,0.326127776562
1270.pdb,I18N,-532.410546772,-532.396447242,1.0
1271.pdb,T99Y,-531.916324912,-531.897846147,0.645240182554
1272.pdb,S277N,-533.051816532,-533.037969122,1.0
1273.pdb,F255Y,-532.460051302,-532.444640226,0.695683242831
1274.pdb,V124I,-532.241213542,-532.221954248,0.831641794874
1275.pdb,H259W,-531.886437562,-531.872463765,0.719493100036
1276.pdb,V241N,-535.21781144,-535.201460596,1.0
1277.pdb,S58W,-533.523581634,-533.503529595,0.663370668175
1278.pdb,Q73E,-533.616480488,-533.596528208,1.0
1279.pdb,N287M,-533.274226288,-533.263308412,0.869936185891
1280.pdb,I8S,-531.728884125,-531.713652905,0.321407482051
1281.pdb,S174A,-532.007264751,-531.987952286,1.0
1282.pdb,A80D,-531.515158707,-531.500980806,0.572545761786
1283.pdb,I124K,-532.493274864,-532.483999826,1.0
1284.pdb,D105V,-532.114600475,-532.090171075,0.734459553626
1285.pdb,W58R,-533.072032974,-533.034336768,1.0
1286.pdb,S8T,-533.598642626,-533.562763598,1.0
1287.pdb,D57G,-531.749319174,-531.708398937,0.287834510239
1288.pdb,G136S,-531.771085472,-531.732606591,1.0
1289.pdb,T64Q,-532.101296376,-532.063571354,1.0
1290.pdb,Q22E,-532.252779141,-532.220471548,1.0
1291.pdb,K65S,-531.129209669,-531.096627535,0.264024564637
1292.pdb,V6I,-532.426792928,-532.383567809,1.0
1293.pdb,M169D,-531.169471082,-531.123538249,0.248402483215
1294.pdb,A135I,-530.993428021,-530.95012667,0.738349538028
1295.pdb,V70L,-531.093379452,-531.051202818,1.0
1296.pdb,A270V,-530.870160007,-530.827114512,0.664891005451
1297.pdb,E69N,-530.912770358,-530.890001652,1.0
1298.pdb,K198A,-531.079292847,-531.055672473,1.0
1299.pdb,T20Y,-531.672629871,-531.650447952,1.0
1300.pdb,Y38L,-532.357414661,-532.330926906,1.0
1301.pdb,I83N,-530.894845447,-530.866112501,0.163688692929
1302.pdb,Q119E,-530.209210608,-530.177399857,0.209993163953
1303.pdb,D80P,-532.079293497,-532.03652506,1.0
1304.pdb,Y200W,-531.283689945,-531.252261736,0.383690349998
1305.pdb,F173A,-530.789970144,-530.76135282,0.425581832713
1306.pdb,F240Y,-530.577450028,-530.544288363,0.632953107205
1307.pdb,H36A,-530.876906131,-530.840516569,1.0
1308.pdb,V105D,-531.315728713,-531.266453279,1.0
1309.pdb,F278Y,-531.266151855,-531.221614416,0.900729705849
1310.pdb,D246Q,-531.465653505,-531.423784542,1.0
1311.pdb,E73R,-530.608889642,-530.569946043,0.223681151638
1312.pdb,D160T,-531.240282021,-531.199552129,1.0
1313.pdb,N241E,-530.999159796,-530.955552134,0.67505916319
1314.pdb,M171Q,-530.150840767,-530.110136168,0.148195831746
1315.pdb,T8L,-529.735688388,-529.7143974,0.243026688528
1316.pdb,A103K,-530.113072747,-530.065848389,1.0
1317.pdb,N206T,-530.974490168,-530.947142775,1.0
1318.pdb,R167K,-531.57670544,-531.549643311,1.0
1319.pdb,A157M,-530.799512649,-530.765941413,0.290651616582
1320.pdb,L61T,-530.909304003,-530.883063886,1.0
1321.pdb,L117M,-530.038866973,-530.012823645,0.125235431106
1322.pdb,S136R,-530.440947656,-530.426215955,1.0
1323.pdb,Y42F,-531.822325563,-531.803627538,1.0
1324.pdb,R199V,-531.091200157,-531.078845523,0.377616217044
1325.pdb,D169Q,-532.761469549,-532.741173029,1.0
1326.pdb,A173F,-533.240904348,-533.215070048,1.0
1327.pdb,M257I,-532.994612839,-532.976750293,0.87348909972
1328.pdb,T151V,-531.970551587,-531.952623578,0.471315562412
1329.pdb,S249M,-531.450440409,-531.432501111,0.537709050696
1330.pdb,L16Q,-531.413182827,-531.39911099,0.948566178984
1331.pdb,M287S,-531.457826436,-531.440948367,1.0
1332.pdb,F82Y,-530.832787942,-530.814697644,0.367786423751
1333.pdb,G147N,-530.387445082,-530.370834515,0.36308377943
1334.pdb,R136N,-530.746320611,-530.714147216,1.0
1335.pdb,M249S,-531.314816632,-531.282868638,1.0
1336.pdb,N147G,-531.861175858,-531.833021916,1.0
1337.pdb,S262N,-531.016604702,-530.995278323,0.317352483901
1338.pdb,A123M,-529.625767037,-529.603122672,0.0248545821079
1339.pdb,W207T,-529.667466947,-529.635894647,0.769068479914
1340.pdb,H214L,-529.767257251,-529.736329386,1.0
1341.pdb,L8Q,-529.783630107,-529.770091618,0.890414202389
1342.pdb,T56G,-529.646913477,-529.631296522,0.578054682127
1343.pdb,Q171M,-530.483351123,-530.465879554,1.0
1344.pdb,Q290T,-530.487459469,-530.464669243,0.989815472472
1345.pdb,M25S,-530.231352639,-530.205098465,0.454572473802
1346.pdb,N69E,-530.207964211,-530.189053958,0.810979491159
1347.pdb,V14Q,-530.162812606,-530.137608819,0.853909030485
1348.pdb,V151A,-530.60949912,-530.575397623,1.0
1349.pdb,R73D,-531.361087361,-531.331019485,1.0
1350.pdb,Y99A,-532.62287689,-532.589160308,1.0
1351.pdb,S25T,-532.773468144,-532.747614827,1.0
1352.pdb,R58Q,-533.847781123,-533.819199951,1.0
1353.pdb,K126M,-533.453812727,-533.424128465,0.862550128098
1354.pdb,S249M,-532.908043686,-532.877979226,0.770952443309
1355.pdb,M171I,-531.340375622,-531.304780947,0.235372444138
1356.pdb,Q58A,-531.389357146,-531.355857876,1.0
1357.pdb,Q264Y,-530.727764846,-530.694200853,0.327486845042
1358.pdb,V233I,-530.38072002,-530.488653459,0.42192426084
1359.pdb,E241M,-532.705914245,-532.683888281,1.0
1360.pdb,M117E,-532.626521088,-532.60794885,0.945323029181
1361.pdb,E119F,-532.490627913,-532.475057705,0.906153057697
1362.pdb,V37D,-531.88496163,-531.860903713,0.589183973301
1363.pdb,M157L,-532.758498002,-532.732715492,1.0
1364.pdb,W159M,-532.498271558,-532.456849747,0.836591986036
1365.pdb,D37A,-532.285963899,-532.252926753,0.825802723575
1366.pdb,N275G,-531.799733332,-531.761096972,0.630873995796
1367.pdb,A99L,-531.280921142,-531.251528842,0.5112760172
1368.pdb,N245M,-531.387453535,-531.361391265,1.0
1369.pdb,A289E,-531.116286505,-531.08611894,0.663516392557
1370.pdb,L154D,-531.184592723,-531.156586853,1.0
1371.pdb,K103S,-530.188628824,-530.146738274,0.117615334727
1372.pdb,T61R,-529.923832961,-529.881388523,0.376038849614
1373.pdb,E156N,-530.402024802,-530.362345529,1.0
1374.pdb,N227K,-530.363312687,-530.318326263,0.816378722803
1375.pdb,G275S,-530.676768871,-530.636604647,1.0
1376.pdb,V199L,-531.235106181,-531.170149715,1.0
1377.pdb,L199A,-530.743574976,-530.697160271,0.414905017582
1378.pdb,E195L,-530.28821662,-530.22616729,0.312837033152
1379.pdb,T25L,-530.753333982,-530.700419777,1.0
1380.pdb,Q16W,-529.635697246,-529.565020255,0.0330238698075
1381.pdb,E117S,-530.084757873,-530.011137351,1.0
1382.pdb,S287W,-530.252383287,-530.209344589,1.0
1383.pdb,F119E,-530.382300574,-530.338027016,1.0
1384.pdb,E145D,-530.737359165,-530.701908238,1.0
1385.pdb,F173I,-530.620788872,-530.580425676,0.777100788292
1386.pdb,S65F,-531.628262371,-531.585025647,1.0
1387.pdb,Q169M,-531.709974777,-531.664117698,1.0
1388.pdb,L25A,-532.170098919,-532.130566559,1.0
1389.pdb,E75N,-531.66246601,-531.626877139,0.597203120289
1390.pdb,K227N,-531.734215865,-531.703696183,1.0
1391.pdb,Q8E,-531.703073538,-531.675498624,0.946578412027
1392.pdb,W16S,-531.841470654,-531.81851615,1.0
1393.pdb,N156S,-531.401496758,-531.379070022,0.587196415682
1394.pdb,I173Y,-531.843090696,-531.802246701,1.0
1395.pdb,W287S,-533.598884534,-533.551054687,1.0
1396.pdb,K4D,-530.521734262,-530.478588036,0.0389452299775
1397.pdb,R273S,-530.545472541,-530.837943244,1.0
1398.pdb,S103I,-533.28313094,-533.228734065,1.0
1399.pdb,L195P,-533.128915401,-533.152751342,0.929031379819
1400.pdb,P112S,-530.80460082,-530.826804186,0.0856042425388
1401.pdb,R53V,-530.228827121,-530.270468673,0.254110350844
1402.pdb,Q64K,-529.949817733,-529.992162388,0.430193625003
1403.pdb,P74M,-529.832281827,-529.885230233,0.601132386031
1404.pdb,T94V,-530.447395223,-530.498473324,1.0
1405.pdb,M123A,-531.889224453,-531.964830882,1.0
1406.pdb,A155K,-532.273004427,-532.38353471,1.0
1407.pdb,Y240R,-531.42872474,-531.5301278,0.406272210756
1408.pdb,E8T,-531.892566785,-532.011052565,1.0
1409.pdb,W200K,-532.220059438,-532.342205827,1.0
1410.pdb,A2S,-532.663281875,-532.772924998,1.0
1411.pdb,I98Q,-531.501308735,-531.613705393,0.336965828231
1412.pdb,E150K,-530.868477352,-530.989373683,0.367123392134
1413.pdb,P253S,-530.062026723,-530.188623391,0.136373011353
1414.pdb,E22N,-530.075820669,-530.199199325,1.0
1415.pdb,S16Q,-531.177725905,-531.286237086,1.0
1416.pdb,M126A,-531.252712523,-531.369705399,1.0
1417.pdb,L99W,-530.478515782,-530.585154185,0.220908574138
1418.pdb,A58P,-530.551883413,-530.674960353,1.0
1419.pdb,K64V,-530.890428225,-531.005595187,1.0
1420.pdb,A37E,-531.331748011,-531.461030341,1.0
1421.pdb,I135A,-531.418369518,-531.546871195,1.0
1422.pdb,A27V,-532.407179941,-532.5262583,1.0
1423.pdb,Y250K,-530.446733405,-530.561680293,0.0618010537187
1424.pdb,N227M,-530.059579108,-530.172712023,0.257489341254
1425.pdb,T160A,-530.173549613,-530.279750478,1.0
1426.pdb,V53M,-530.523751705,-530.626793308,1.0
1427.pdb,N75A,-530.528984518,-530.621258317,0.973209272682
1428.pdb,A36I,-530.486570916,-530.566517535,0.889046135673
1429.pdb,S287T,-530.463510594,-530.55471675,0.934423470989
1430.pdb,Y173K,-530.638180292,-530.726587957,1.0
1431.pdb,M166S,-530.183934762,-530.270531062,0.326004907298
1432.pdb,P58A,-530.024944018,-530.109343485,0.617861350372
1433.pdb,K250W,-530.161311427,-530.234124024,1.0
1434.pdb,E37K,-530.674402403,-530.745698296,1.0
1435.pdb,I171R,-532.936412594,-533.015011236,1.0
1436.pdb,F208Y,-533.049674562,-533.124903258,1.0
1437.pdb,A266N,-532.544678448,-532.616131911,0.739207555692
1438.pdb,D133N,-532.288639647,-532.517302852,0.823557961086
1439.pdb,H41V,-531.486421634,-531.555464805,0.387130719864
1440.pdb,A199L,-531.688670978,-531.75777551,1.0
1441.pdb,I233V,-531.835992979,-531.918638756,1.0
1442.pdb,R61N,-532.232886549,-532.318352761,1.0
1443.pdb,A174D,-531.48635435,-531.569734642,0.451437080937
1444.pdb,T52E,-532.686305795,-532.758498078,1.0
1445.pdb,M53K,-533.19134534,-533.256684878,1.0
1446.pdb,F65Q,-533.592743684,-533.641274411,1.0
1447.pdb,M241E,-531.677207565,-531.646990722,0.266120309661
1448.pdb,D4M,-531.574584088,-531.58632918,0.88186219737
1449.pdb,G56T,-531.77577777,-531.745466667,1.0
1450.pdb,M169L,-534.959358046,-534.924934829,1.0
1451.pdb,R295N,-534.174797101,-534.150411927,0.84891345446
1452.pdb,V35T,-532.351998968,-532.332041887,0.422735405911
1453.pdb,T56V,-532.254010321,-532.232351266,0.919888401993
1454.pdb,T207S,-531.381122576,-531.356849408,0.388529561243
1455.pdb,A126S,-531.865491035,-531.838266417,1.0
1456.pdb,E119V,-532.465224405,-532.441356589,1.0
1457.pdb,E30T,-531.702922314,-531.671780732,0.491879277936
1458.pdb,Q65Y,-531.635644947,-531.602781449,0.918598975341
1459.pdb,D145V,-530.694077626,-530.656219457,0.218785531418
1460.pdb,D73Y,-530.204914868,-530.16766427,0.308120410156
1461.pdb,Q246A,-530.224254441,-530.180683452,1.0
1462.pdb,K200Q,-530.040609587,-529.997878137,0.572756261781
1463.pdb,V145T,-530.377637458,-530.340933843,1.0
1464.pdb,N61V,-530.19807495,-530.164229796,0.621108914163
1465.pdb,M245R,-530.570174413,-530.542187941,1.0
1466.pdb,N83H,-530.623876926,-530.583195297,1.0
1467.pdb,A198R,-530.091865527,-530.065444514,0.232519263525
1468.pdb,K248S,-529.684931748,-529.662449357,0.23562926662
1469.pdb,S207T,-530.590886228,-530.570073757,1.0
1470.pdb,A246R,-530.477940767,-530.457481668,0.732145456614
1471.pdb,E69Q,-530.526295075,-530.486282618,1.0
1472.pdb,K53H,-531.034457893,-531.017653494,1.0
1473.pdb,K167G,-530.137900407,-530.109016253,0.12273878046
1474.pdb,N266K,-530.470212208,-530.465430713,1.0
1475.pdb,M74R,-530.415853504,-530.414531322,0.853818153699
1476.pdb,K124S,-530.44076698,-530.437846853,0.950933141142
1477.pdb,R245Q,-530.749451297,-530.740533064,1.0
1478.pdb,F271W,-530.070925569,-530.057992607,0.183638182184
1479.pdb,K266E,-529.994782198,-529.997832766,0.618705785649
1480.pdb,M159Q,-529.997522224,-529.987687641,0.973108311462
1481.pdb,V56A,-529.830352025,-529.798905186,0.557618218267
1482.pdb,T145N,-530.119242299,-530.094949942,1.0
1483.pdb,N295E,-530.28434054,-530.258418575,1.0
1484.pdb,E295Y,-531.679520279,-531.672371529,1.0
1485.pdb,G57M,-531.197792101,-531.192540719,0.522625711596
1486.pdb,P15D,-530.583025059,-530.571967238,0.301834811712
1487.pdb,R198S,-530.139760057,-530.124606713,0.323358703238
1488.pdb,A151K,-530.345553979,-530.342460899,1.0
1489.pdb,V61L,-530.654541581,-530.660360516,1.0
1490.pdb,N18D,-530.311723733,-530.299563987,0.409992068523
1491.pdb,Q98I,-531.565536264,-531.547639286,1.0
1492.pdb,Q159R,-530.79001389,-530.767907347,0.284203472214
1493.pdb,R159S,-531.120859067,-531.102218041,1.0
1494.pdb,I36T,-530.425934963,-530.392477201,0.246552521286
1495.pdb,S112N,-530.828672172,-530.808016714,1.0
1496.pdb,R246D,-530.864018356,-530.866090525,1.0
1497.pdb,Y208F,-530.766264215,-530.751710237,0.749649123998
1498.pdb,E266A,-531.30183897,-531.317679085,1.0
1499.pdb,L157G,-530.55434956,-530.564192137,0.245503414942
